-15.12,0.110014596
-17.09,0.222251859
-18.5,0.336803455
-18.57,0.453766839
-19.86,0.573245757
-20.31,0.695350794
-20.35,0.820199993
-20.42,0.947919539
-20.8,1.078644525
-21.01,1.212519811
-21.03,1.349700992
-21.07,1.490355481
-21.11,1.634663739
-21.25,1.93503719
-21.3,2.091542062
-21.31,2.252583934
-21.46,2.418433729
-21.51,2.589387388
-21.53,2.765769046
-21.66,2.947934728
-21.68,3.136276682
-21.73,3.331228459
-21.85,3.533270926
-21.91,3.742939415
-21.95,3.960832266
-21.96,4.187621124
-21.97,4.424063427
-22.05,4.671017663
-22.08,4.929462194
-22.25,5.200518662
-22.31,5.485481409
-22.37,5.78585486
-22.49,6.440205058
-22.59,6.798752398
-23.01,7.182046128
-23.24,8.038438794
-23.39,8.521835333
-23.62,9.051336332
-23.73,9.63667253
-23.77,10.29102273
-24.08,11.0328638
-24.37,11.88925646
-24.44,12.902154
-24.5,14.1418404
-24.51,15.74007413
-24.77,21.84347574
-9.66,0.031508577
-12.56,0.063629009
-15.02,0.09638553
-15.73,0.129803843
-16.73,0.163911243
-17.91,0.198736745
-18.22,0.23431124
-18.29,0.270667654
-18.68,0.307841135
-19.51,0.345869252
-19.94,0.384792231
-20.3,0.424653202
-20.49,0.465498494
-20.66,0.594458598
-20.7,0.686379482
-20.9,0.734329224
-20.93,0.783710511
-20.94,0.887128576
-21.08,0.99744613
-21.12,1.055492446
-21.18,1.178078168
-21.25,1.242955121
-21.27,1.310480834
-21.29,1.380880831
-21.34,1.454410726
-21.5,1.531361822
-21.52,1.612068085
-21.66,1.696914901
-21.7,1.880898815
-21.71,2.087937461
-21.76,2.202062037
-21.83,2.324647759
-21.93,2.600980317
-21.97,2.758637676
-22.03,2.932919801
-22.1,3.12775064
-22.12,3.348631628
-22.3,3.603620016
-22.38,3.905207267
-22.45,4.274320231
-22.67,4.750189607
-22.89,5.420889822
-23.37,6.567459413
-12.8,0.027817216
-12.96,0.056185304
-13.39,0.085126523
-14.01,0.11466451
-14.3,0.144824395
-15.47,0.175632929
-16.14,0.207118627
-16.23,0.239311928
-16.43,0.27224537
-16.55,0.305953787
-17.09,0.340474532
-17.47,0.375847727
-17.49,0.412116541
-17.86,0.449327506
-18.5,0.48753088
-19.89,0.526781051
-19.99,0.567137004
-20.39,0.608662857
-20.61,0.651428469
-20.7,0.695510151
-20.73,0.740991482
-21.03,0.787964268
-21.04,0.836529652
-21.45,0.886799428
-21.47,0.938897591
-21.51,0.992962182
-21.64,1.049147485
-21.9,1.107626691
-21.92,1.16859511
-21.98,1.23227411
-22.03,1.368809909
-22.11,1.442289688
-22.17,1.519743232
-22.19,1.601625039
-22.27,1.688472332
-22.32,1.879761609
-22.33,1.985924363
-22.41,2.225236292
-22.43,2.361772091
-22.51,2.681434514
-22.57,2.872723791
-22.74,3.093551055
-22.78,3.354734272
-22.85,3.674396696
-22.86,4.086513237
-22.9,4.667358877
-22.97,5.660321059
-16.42,0.124849199
-18.19,0.252568745
-18.83,0.38329373
-20.63,0.517169017
-20.74,0.654350198
-20.82,0.795004687
-21.38,0.939312945
-21.54,1.087469873
-21.56,1.239686396
-21.73,1.396191268
-21.89,1.55723314
-22.01,1.723082935
-22.12,1.894036594
-22.14,2.252583934
-22.35,2.440925888
-22.37,2.837920132
-22.55,3.047588621
-22.59,3.265481472
-22.66,3.49227033
-22.68,3.728712632
-22.69,3.975666869
-22.71,4.2341114
-22.72,4.505167868
-23.04,4.790130614
-23.12,5.090504066
-23.22,5.40805081
-23.27,5.744854264
-23.29,6.103401604
-23.33,6.486695334
-23.36,6.898406291
-23.51,7.826484539
-23.55,8.355985538
-23.6,8.941321736
-23.65,9.595671934
-23.69,10.337513
-23.79,11.19390567
-23.83,12.20680321
-23.91,13.4464896
-24.24,15.04472334
-24.56,17.29730727
-25,21.14812494
-11.24,0.051103044
-11.38,0.103329322
-11.49,0.156729322
-11.86,0.211357015
-12.37,0.267270182
-12.43,0.324530784
-12.66,0.383205369
-12.73,0.443365544
-13.13,0.505088494
-13.26,0.568457583
-13.33,0.633563025
-13.35,0.700502662
-13.61,0.840319457
-13.64,0.913439072
-13.66,0.988880328
-13.79,1.066795504
-13.8,1.147352371
-13.82,1.230736364
-13.87,1.31715316
-13.89,1.406831726
-13.99,1.500027984
-14.3,1.597029207
-14.36,1.698159362
-14.4,1.803785639
-14.5,1.914326499
-14.6,2.280619342
-14.73,2.416439164
-14.76,2.560495389
-14.78,2.713851822
-14.9,2.877792682
-14.95,3.244085524
-15.15,3.450841956
-15.48,3.677318004
-15.64,3.927675659
-15.68,4.207551706
-15.77,4.524848999
-15.87,4.891141841
-16.1,5.324374321
-16.29,5.854608023
-16.8,6.538198159
-17.15,7.501664341
-17.97,9.148720658
-13.42,0.114551596
-14.94,0.23151498
-19.22,0.350993898
-19.88,0.473098935
-19.89,0.597948134
-20.05,0.72566768
-20.33,0.856392666
-20.51,1.127449133
-20.56,1.268103622
-20.6,1.41241188
-20.83,1.560568808
-20.94,1.712785331
-20.99,2.030332075
-21.18,2.19618187
-21.24,2.543517187
-21.3,2.725682869
-21.32,3.1089766
-21.35,3.520687556
-21.36,3.738580407
-21.44,4.201811568
-21.66,4.448765804
-21.7,4.707210335
-21.79,4.978266803
-21.82,5.563603001
-21.84,6.217953199
-21.86,6.576500539
-21.93,7.816186935
-22.05,8.299583474
-22.12,8.829084473
-22.17,9.414420671
-22.22,10.06877087
-22.24,10.81061194
-22.31,12.67990214
-22.32,13.91958854
-22.62,15.51782227
-22.75,17.77040621
-22.95,21.62122388
-15.66,0.034188868
-15.84,0.068993785
-16.1,0.10443736
-18,0.14054347
-18.37,0.177337356
-18.71,0.214845731
-18.85,0.253096895
-18.89,0.292120861
-19.06,0.331949502
-19.08,0.372616701
-19.22,0.414158531
-19.42,0.45661344
-19.46,0.589881494
-19.61,0.636428822
-19.88,0.684125582
-19.95,0.783204767
-20.05,0.887642127
-20.42,0.998050499
-20.5,1.055715098
-20.69,1.115154269
-20.77,1.17648071
-20.79,1.239818208
-20.87,1.305303144
-20.95,1.373086262
-20.99,1.443334753
-21,1.516234749
-21.04,1.591994288
-21.05,1.670846895
-21.07,1.838919866
-21.09,1.928778888
-21.15,2.122102161
-21.27,2.226539521
-21.29,2.336947892
-21.33,2.454051662
-21.37,2.578715601
-21.44,2.855132143
-21.61,3.009744288
-21.67,3.177817259
-21.71,3.361920369
-21.75,3.565436914
-21.99,3.792949056
-22.12,4.050881048
-22.13,4.348641682
-22.18,4.700817762
-22.21,5.131846449
-22.59,5.687539075
-22.74,6.470743843
-22.88,7.809641236
-15.13,0.048448318
-15.16,0.097856071
-15.24,0.148262027
-16.72,0.199707354
-16.81,0.252235821
-16.96,0.305894017
-18.56,0.416801608
-18.94,0.474160686
-19.29,0.532869512
-19.42,0.654601458
-19.56,0.717769642
-19.6,0.78257874
-19.73,0.849116282
-19.84,0.917476996
-19.96,0.987763615
-20.11,1.060087809
-20.15,1.13457125
-20.22,1.211346846
-20.24,1.290560165
-20.5,1.3723711
-20.53,1.45695581
-20.59,1.544509003
-20.64,1.635246638
-20.68,1.729409133
-20.73,1.827265204
-20.8,1.929116488
-21.04,2.146210742
-21.09,2.262278645
-21.15,2.384010591
-21.19,2.511987873
-21.21,2.646886129
-21.27,2.789496942
-21.37,2.940755979
-21.4,3.273918136
-21.49,3.658525621
-21.54,3.875619875
-21.58,4.113419725
-21.69,4.376295263
-21.74,4.670165112
-21.78,5.003327269
-21.82,5.387934754
-22.04,5.842828858
-22.1,6.399574245
-22.13,7.117343887
-22.45,8.128983378
-22.53,9.858392511
-20.69,0.186768245
-21.91,0.28216319
-22.25,0.477172373
-22.75,0.576871008
-22.91,0.885291001
-23.12,1.208761703
-23.28,1.433523371
-23.43,2.031210202
-23.59,2.551464006
-23.75,2.827747076
-23.92,2.970329652
-24.13,3.116046161
-24.27,4.064781036
-24.42,5.172321929
-24.6,5.804212623
-24.77,6.028974292
-24.95,7.565780573
-25.1,8.492379086
-25.24,9.971783846
-25.41,11.34839842
-25.56,12.45593931
-25.73,13.78635276
-25.89,16.47451923
-26.04,21.06997015
-26.23,23.75813661
-26.4,28.35358753
-18.47,0.144971225
-20.19,0.294696444
-20.62,0.449498049
-20.76,0.609732386
-21.25,0.775794689
-21.81,0.948124953
-22.32,1.127214968
-22.43,1.313616769
-22.5,1.507952908
-22.56,1.923349156
-22.7,2.146135293
-22.84,2.380351249
-22.96,2.627233538
-23.13,2.888230862
-23.4,3.165055619
-23.5,3.459752063
-23.66,3.774788005
-23.72,4.113180572
-23.78,4.478672388
-23.94,4.875984612
-23.98,5.311190912
-24.05,5.792289157
-24.17,6.330111238
-24.59,6.939843624
-24.83,7.643728007
-25.01,8.476246531
-25.17,10.80878363
-25.37,12.66022248
-25.68,15.8252781
-8.03,0.030918537
-12.93,0.062331792
-13.59,0.094255854
-13.91,0.12670761
-14.75,0.159704799
-14.87,0.19326607
-15.69,0.227411045
-16.63,0.262160386
-18.45,0.297535875
-18.65,0.370258506
-18.81,0.40765557
-18.97,0.445778837
-19.16,0.484657069
-20.34,0.524320772
-20.49,0.564802341
-20.67,0.648359059
-20.82,0.691509951
-20.97,0.780765618
-21.13,0.874273126
-21.32,0.972457912
-21.47,1.129604682
-21.62,1.300432948
-21.8,1.423178323
-22,1.554112601
-22.13,1.694407023
-22.29,1.925648872
-22.48,2.00920559
-22.62,2.187809258
-22.8,2.283598331
-22.95,2.983853448
-23.25,3.644444862
-23.44,3.851297744
-23.62,4.344699979
-23.77,4.647341934
-24.12,5.005291393
-24.3,6.008188465
-24.95,6.804232655
-25.14,8.165079186
-8.18,0.046707574
-13.94,0.09454074
-15.01,0.14355509
-15.54,0.19381044
-15.84,0.245371269
-16.01,0.298307215
-16.27,0.352693639
-16.58,0.408612276
-17.26,0.466151966
-17.28,0.52540951
-18.49,0.586490647
-18.51,0.649511188
-18.57,0.714598341
-18.78,0.781892253
-18.92,0.92373689
-18.94,0.998650698
-19.24,1.076503042
-19.51,1.157533898
-19.58,1.242013894
-19.62,1.330249768
-19.66,1.422591083
-19.72,1.519438599
-19.81,1.621254779
-19.94,1.728577149
-20.12,1.842035475
-20.23,1.962374156
-20.24,2.09048185
-20.32,2.227431342
-20.42,2.374534208
-20.48,2.533417407
-20.5,2.706133277
-20.84,3.104460658
-20.9,3.338257665
-20.92,3.603314851
-20.94,3.909300916
-21.03,4.271205617
-21.08,4.714141174
-21.3,5.285184425
-21.51,6.090024684
-21.55,7.465908193
-10.12,0.13164075
-14.07,0.271264476
-14.42,0.578798775
-14.62,0.749475819
-14.77,0.933821069
-14.95,1.134215765
-15.12,1.353723319
-15.43,1.596377661
-15.78,2.175176437
-15.97,2.53019873
-16.14,2.95010098
-16.29,3.464019799
-16.6,4.126576392
-16.72,5.06039746
-17.07,6.656775122
-11.98,0.161481599
-16.72,0.326675742
-16.75,0.49575716
-16.98,0.66891322
-17.15,0.846345166
-17.41,1.028269535
-17.62,1.214919737
-18.19,1.40654786
-18.36,1.603426716
-19.06,1.805852179
-19.3,2.014145857
-19.69,2.228658167
-19.74,2.449771882
-19.85,2.677906242
-20.13,2.913521735
-21.11,3.157125699
-21.45,3.409278895
-21.48,3.670603285
-21.53,3.94179127
-21.72,4.223616754
-21.97,4.82276604
-22.06,5.142179902
-22.32,5.476455464
-22.7,5.82704347
-22.72,6.19561804
-22.78,6.584125019
-22.93,6.994844161
-23.01,7.430470186
-23.58,7.894220038
-23.63,8.389977199
-23.67,8.922489573
-23.84,9.497646754
-24.05,10.12287821
-24.27,10.80774177
-24.87,11.56482332
-25.02,12.41116849
-25.08,13.3706755
-25.11,14.47834506
-25.3,15.78844008
-25.66,17.39186679
-25.84,19.45904336
-26.02,22.3725651
-26.9,27.3532634
-16.79,0.379524152
-20.45,0.768194339
-20.57,1.166462284
-20.83,1.574814025
-21.21,1.993773483
-21.63,2.423906501
-21.7,2.865825439
-21.97,3.320194423
-22.01,3.78773534
-22.03,4.269234746
-22.45,5.2776276
-22.58,5.80649571
-22.65,6.353294931
-23.15,6.91928396
-23.2,8.114573833
-23.44,8.747165981
-23.48,9.405585248
-23.55,10.09203064
-23.62,10.80899455
-23.68,11.55931739
-23.87,12.34625552
-24.09,13.17356672
-24.21,14.04561867
-24.27,14.96752857
-24.38,15.94534506
-24.74,16.98628895
-25.12,18.09907719
-25.23,19.29436707
-25.33,20.58537848
-25.39,21.98878779
-25.42,23.52604875
-25.5,25.22541191
-25.57,27.12513829
-25.72,31.76517172
-26.01,34.70584199
-26.08,38.30493153
-26.39,42.94496495
-26.51,49.48472476
-26.65,60.664518
-14.24,0.421963466
-14.34,0.85488824
-15.24,1.299359025
-15.4,1.756008594
-15.92,2.22552321
-16.55,2.708648825
-16.88,3.206198211
-17.67,3.719059189
-17.94,4.24820416
-18.2,4.794701208
-18.37,5.359727069
-18.47,5.944582399
-18.49,6.550709802
-18.57,7.179715268
-18.72,7.833393821
-18.82,8.513760396
-19.14,9.223087303
-19.59,9.963950013
-19.79,10.73928361
-20.31,11.55245301
-20.53,12.40734125
-20.59,13.3084616
-20.62,15.2715122
-20.68,16.34715422
-20.88,17.49703541
-21.02,20.06621341
-21.25,21.51640302
-21.32,23.10490602
-21.42,24.86091461
-21.55,26.82396521
-21.72,29.04948842
-21.78,31.61866641
-21.81,34.65735903
-21.87,38.37641822
-21.9,43.17111942
-22.15,49.92887123
-22.33,61.48132424
-15.77,0.071387658
-16.31,0.14424733
-16.52,0.218641003
-16.85,0.294634661
-16.95,0.372298642
-16.98,0.451708027
-17.62,0.532943073
-17.78,0.616089707
-17.82,0.701240066
-17.84,0.788493114
-17.94,0.877955333
-18.04,1.063975593
-18.14,1.260335491
-18.21,1.36276495
-18.47,1.468252452
-18.57,1.576986228
-18.64,1.80503754
-18.66,2.048828605
-18.73,2.177336182
-18.82,2.310694231
-18.86,2.449283324
-18.89,2.593530654
-18.96,3.237776438
-19.01,3.419024828
-19.08,3.61007508
-19.12,4.026269552
-19.15,4.498111929
-19.21,4.759977555
-19.25,5.042813978
-19.36,6.059358403
-19.53,6.475552875
-19.57,6.947395252
-19.78,7.492097301
-19.88,8.136343085
-19.94,9.941380625
-20,11.37411952
-20.04,13.82340285
-16.11,0.140356061
-17.45,0.283730763
-19.15,0.430256808
-19.28,0.580075847
-20.21,0.733339301
-20.49,1.050859628
-20.7,1.384262432
-21.08,1.557432341
-21.22,1.917880483
-21.33,2.105686329
-21.39,2.298936575
-21.6,2.49795633
-21.66,2.703100721
-21.93,2.914758709
-21.96,3.133357528
-22.13,3.359367873
-22.19,3.593310005
-22.38,3.835760966
-22.41,4.087363153
-22.5,4.348834574
-22.54,4.904711967
-22.57,5.20105705
-22.73,5.511190488
-22.76,5.836458249
-22.79,6.538861687
-22.92,6.919917779
-22.99,7.324081924
-23.02,7.754338732
-23.05,8.708344356
-23.13,9.241962407
-23.25,9.822038254
-23.31,11.15984289
-23.48,11.94506313
-23.52,13.86294361
-23.66,15.07842066
-23.74,16.56604433
-23.98,18.48392481
-24.07,21.18702554
-24.49,25.80800674
-8.18,0.026936943
-16.45,0.054429326
-17.72,0.082500538
-18.37,0.111175479
-19.46,0.140480688
-20.17,0.170444495
-20.2,0.201097186
-20.46,0.232471183
-20.5,0.264601252
-20.68,0.297524735
-20.91,0.331281812
-20.94,0.365915794
-21.12,0.401473457
-21.23,0.438005423
-21.53,0.475566592
-21.69,0.554020592
-21.85,0.59504947
-22.11,0.681100832
-22.36,0.773091327
-22.37,0.821581519
-22.4,0.871901957
-22.44,0.924196241
-22.54,0.978625567
-22.62,1.035371719
-22.88,1.094640736
-22.92,1.156667424
-23.1,1.221720976
-23.23,1.290112035
-23.32,1.362201663
-23.53,1.438412882
-23.76,1.519245711
-23.86,1.605297072
-24.02,1.697287568
-24.09,1.796098197
-24.13,1.902821808
-24.16,2.018836977
-24.18,2.286397904
-24.22,2.443441952
-24.31,2.621483809
-24.67,2.827018048
-24.94,3.070113457
-24.97,3.367638192
-25.52,3.751214289
-25.79,4.291834433
-26.3,5.216030674
-18.15,0.168785387
-18.92,0.341955296
-18.95,0.51974361
-19.11,0.702403438
-19.17,0.890209284
-19.23,1.282479284
-19.35,1.699281664
-19.39,1.917880483
-19.41,2.37783296
-19.47,2.620283921
-19.55,2.871886107
-19.59,3.133357528
-19.65,3.405504158
-19.69,3.689234921
-19.76,3.985580005
-19.83,4.295713443
-19.91,4.9629365
-19.95,5.704440734
-19.99,6.998814163
-20.01,7.492867311
-20.07,8.026485362
-20.1,9.241962407
-20.14,9.944365845
-20.21,11.61979537
-20.29,13.86294361
-20.35,15.35056729
-20.39,19.97154849
-20.43,24.59252969
-16.86,0.049221961
-16.98,0.099722557
-18.05,0.151569993
-18.22,0.204838082
-18.35,0.259606876
-18.61,0.31596339
-18.69,0.374002435
-18.8,0.433827575
-18.87,0.495552239
-18.92,0.55930102
-19.03,0.625211183
-19.16,0.837512474
-19.2,0.913763958
-19.43,0.993128594
-19.56,1.075871448
-19.7,1.162292948
-19.88,1.25273547
-20.04,1.347591532
-20.25,1.552429614
-20.32,1.781419107
-20.37,1.906892552
-20.45,2.041025983
-20.47,2.185104006
-20.57,2.340720127
-20.61,2.50988448
-20.73,2.695183065
-20.78,3.388617515
-20.9,3.688311659
-20.95,5.035903191
-21,5.824193704
-21.15,7.171785236
-15.44,0.046791125
-15.69,0.094766961
-15.72,0.14398906
-15.99,0.194523903
-16.06,0.246443433
-16.47,0.299825675
-16.62,0.354755442
-16.68,0.469635723
-16.83,0.529797738
-17.02,0.591932625
-17.22,0.656174177
-17.39,0.722670273
-17.45,0.791584933
-17.5,0.863100752
-17.91,0.937421818
-18.05,1.095425322
-18.14,1.179658935
-18.24,1.267811773
-18.28,1.360266416
-18.61,1.457464351
-18.65,1.668230733
-18.68,1.783111014
-18.93,1.905407916
-18.97,2.036145564
-19.04,2.176576043
-19.07,2.328252514
-19.11,2.493134226
-19.13,2.673741707
-19.19,2.873394015
-19.36,3.096586305
-19.65,3.349620855
-19.72,3.641727805
-20.07,3.987216998
-20.15,4.410061596
-20.28,4.955203096
-20.45,5.723536887
-20.82,7.037012178
-16.31,0.222235392
-16.56,0.450560177
-17.14,0.685317485
-17.18,0.926880293
-18.07,1.175654986
-19.79,1.432085474
-20.11,1.69665796
-20.14,1.969906484
-20.18,2.252419415
-20.34,2.54484708
-20.48,2.847910781
-20.71,3.162413514
-20.93,3.48925279
-21.03,3.829436078
-21.05,4.184099532
-21.1,4.554530886
-21.17,4.942197683
-21.29,5.348782385
-21.43,5.776226505
-21.46,6.226786682
-21.49,6.703106797
-21.61,7.746132989
-21.74,8.938640019
-21.78,9.605662583
-21.81,10.33075739
-21.83,11.12500889
-21.88,12.00301319
-22.01,12.98453848
-22.12,14.09730009
-22.45,15.38188909
-22.65,16.90123539
-22.85,18.76076499
-23.06,21.15811559
-23.29,24.53699149
-23.43,30.313218
-19.4,0.210981733
-20.27,0.42744412
-20.48,0.649679512
-20.82,0.878004297
-20.95,1.112761605
-21.36,1.354324412
-21.6,1.603099105
-21.86,1.859529594
-22.08,2.12410208
-22.29,2.397350604
-22.32,2.679863534
-22.35,2.972291199
-22.59,3.275354901
-22.75,3.589857634
-22.78,3.91669691
-22.82,4.256880198
-23.01,4.611543652
-23.33,4.981975006
-23.57,5.369641803
-23.74,5.776226505
-24.14,6.203670625
-24.23,6.654230802
-24.42,7.635756099
-24.61,8.173577108
-24.65,8.748517704
-24.78,9.366084139
-24.84,10.0331067
-24.88,10.75820151
-24.91,11.55245301
-24.97,12.43045731
-25.07,13.4119826
-25.28,14.52474421
-25.33,15.80933321
-25.61,17.32867951
-25.65,19.18820911
-25.7,21.58555971
-25.77,30.74066212
-14.45,0.165021894
-14.77,0.333377788
-16.22,0.505205182
-17.28,0.680650258
-20.42,0.859868635
-20.68,1.043026191
-20.73,1.23029999
-21.03,1.421879309
-21.19,1.617966787
-21.26,1.818779717
-21.36,2.024551488
-21.52,2.235533222
-21.58,2.451995608
-21.75,2.674231001
-22.03,3.137313094
-22.14,3.378875901
-22.89,3.884081083
-23.22,4.421902092
-23.31,4.704415023
-23.33,4.996842688
-23.54,5.299906389
-23.6,5.614409123
-23.66,5.941248399
-23.77,6.281431686
-23.8,6.63609514
-23.88,7.006526495
-23.9,7.394193292
-24.11,7.800777993
-24.18,8.228222113
-24.21,8.67878229
-24.27,9.155102406
-24.29,9.660307587
-24.46,10.1981286
-24.52,10.77306919
-24.58,11.39063563
-24.66,12.05765819
-24.8,12.782753
-24.87,13.5770045
-24.92,14.45500879
-24.99,15.43653409
-25.04,16.5492957
-25.37,17.8338847
-25.65,19.353231
-25.88,21.2127606
-25.97,26.9889871
-26.14,32.76521361
-13.14,0.103700154
-13.8,0.211314434
-14.74,0.323149944
-15.83,0.439551411
-15.95,0.560907597
-16.8,0.68765913
-16.85,0.820308162
-17.05,1.105690137
-17.09,1.259859573
-17.14,1.422843359
-17.18,1.59571083
-17.21,1.779738549
-17.29,1.976467581
-17.32,2.187782015
-17.34,2.416018992
-17.39,2.664126711
-17.42,2.935897967
-17.46,3.57217841
-17.67,4.392486572
-17.72,4.912365548
-17.76,5.548645991
-17.79,6.368954153
-18.33,7.525113572
-18.88,9.501581152
-17.67,0.483125615
-18.44,0.980675
-19.28,1.493535978
-20.15,2.02268095
-20.54,2.569177997
-20.67,3.134203858
-21.15,3.719059189
-21.25,4.325186591
-21.46,4.954192058
-21.63,5.60787061
-21.96,6.997564093
-22.34,7.738426802
-22.4,8.513760396
-22.56,9.326929799
-22.63,10.18181804
-22.7,11.08293839
-22.77,12.03557862
-22.86,14.12163101
-23,15.2715122
-23.11,16.50664507
-23.36,17.8406902
-23.63,19.29087981
-23.88,20.87938281
-23.97,22.6353914
-24.05,24.598442
-24.12,26.82396521
-24.15,29.3931432
-24.32,32.43183582
-24.42,36.15089501
-24.44,40.94559621
-24.51,47.70334802
-25.02,59.25580102
-16.13,0.126827766
-19.02,0.256383219
-19.86,0.388786272
-20.77,0.662655995
-20.83,0.80440598
-20.9,0.949571953
-20.98,1.098322631
-21.17,1.567970471
-21.3,1.733024533
-21.34,1.902728611
-21.38,2.257189454
-21.42,2.442560892
-21.45,3.035573379
-21.58,3.246966872
-21.61,3.466049066
-21.76,3.693400439
-21.82,3.929669795
-21.96,4.175585425
-22,4.431968644
-22.04,4.979991405
-22.08,5.582903806
-22.24,5.908609958
-22.28,6.252937752
-22.31,6.618146317
-22.64,7.006932589
-22.85,7.422552297
-22.94,7.868985864
-22.96,8.35117085
-23.14,10.08419538
-23.38,10.79373174
-23.6,11.59813772
-23.89,13.62507891
-24.15,14.96931717
-24.19,16.7023417
-24.36,19.14490259
-24.75,23.32048802
-15.71,0.07159253
-15.83,0.144794015
-15.88,0.219678439
-16.83,0.29632501
-18.19,0.374818664
-20.5,0.537719057
-20.87,0.622329761
-20.9,0.709197016
-21.08,0.798444489
-21.27,0.984628247
-21.31,1.182102585
-21.48,1.285518541
-21.56,1.617058262
-21.73,1.735519643
-21.78,1.858452308
-21.93,1.986207074
-21.95,2.11917774
-21.98,2.257808406
-22,2.402602421
-22.07,2.554133416
-22.31,2.713059032
-22.44,2.880138167
-22.71,3.242436653
-22.75,3.439910991
-22.79,3.650134187
-22.96,3.874866667
-23.01,4.116260713
-23.09,4.376986146
-23.12,4.660410826
-23.66,4.970867438
-23.7,5.3140613
-23.85,5.697719397
-23.88,6.132675073
-24.09,6.634794551
-24.18,7.955527803
-24.7,8.892602957
-24.81,10.21333621
-25.28,12.47114461
-16.95,0.099520726
-17.34,0.201093569
-17.37,0.304804944
-19.58,0.410746842
-20.8,0.519017319
-20.9,0.629721042
-21.09,0.7429699
-21.27,0.858883681
-21.81,0.977590831
-22.36,1.099229317
-22.63,1.223947583
-23.27,1.351905644
-23.35,1.483276319
-23.38,1.618246635
-23.59,1.757019428
-23.65,1.899815176
-23.84,2.198458634
-24.22,2.354856162
-24.26,2.516382383
-24.33,2.683385101
-24.42,2.856248745
-24.46,3.035399702
-24.54,3.221312647
-24.63,3.414518131
-24.68,3.825264973
-24.85,4.044239173
-24.89,4.273401811
-25.04,4.513747448
-25.18,4.766423775
-25.34,5.032764766
-25.58,5.314333307
-25.65,5.612976764
-25.72,5.930900514
-25.76,6.270766876
-25.87,6.635830778
-25.94,7.030129831
-26.04,7.458757304
-26.13,7.928265578
-26.17,9.027494895
-26.71,9.685285007
-26.73,10.44464796
-26.8,11.34278371
-27.09,13.85916609
-27.26,15.85653116
-27.32,19.27104929
-13.96,0.160494069
-15.52,0.324515761
-15.69,0.49222364
-16.13,0.663787209
-16.17,0.839387936
-16.21,1.01922041
-16.29,1.203493639
-16.45,1.989766144
-16.54,2.416321471
-16.6,2.868744022
-16.68,3.350374776
-16.71,3.603371431
-16.74,4.136647281
-16.81,5.333234222
-16.84,6.012128089
-16.91,6.759019571
-16.94,7.162506297
-16.98,7.589061624
-17.08,8.52311493
-17.12,9.037987105
-17.16,10.18836531
-17.23,10.83770395
-17.47,11.54897395
-18.21,12.33524645
-18.81,13.21422433
-19.15,14.21072726
-19.69,15.36110547
-20.6,16.7217141
-20.91,18.38696448
-21.04,20.53384562
-21.57,23.55970464
-22.45,28.73244479
-13.52,0.097549888
-17.1,0.197070614
-17.41,0.298643457
-18.3,0.402354833
-19.2,0.50829673
-19.61,0.616567207
-20.3,0.72727093
-20.46,0.956433569
-20.59,1.075140719
-20.74,1.196779205
-20.77,1.321497471
-20.85,1.580826207
-21.12,1.854569316
-21.25,1.997365065
-21.26,2.144423996
-21.29,2.296008522
-21.35,2.45240605
-21.5,2.613932271
-21.59,2.780934989
-21.72,2.953798633
-21.96,3.13294959
-21.99,3.318862535
-22.22,3.512068019
-22.4,3.713161588
-22.46,3.922814861
-22.53,4.141789061
-22.68,4.3709517
-22.71,4.611297336
-22.79,4.863973663
-22.82,5.130314654
-22.95,5.411883195
-23.15,5.710526653
-23.24,6.028450402
-23.35,6.368316764
-23.43,6.733380666
-23.52,7.127679719
-23.8,7.556307192
-24,8.025815467
-24.13,8.544832785
-24.32,9.782834895
-24.38,10.54219785
-24.64,11.4403336
-24.69,12.53956291
-24.76,13.95671598
-25.07,15.95408105
-25.33,19.36859918
-12.56,0.150766473
-12.82,0.30464175
-15.79,0.461756744
-18.41,0.622250813
-18.52,0.786272505
-18.75,0.953980384
-20.94,1.125543953
-21.36,1.30114468
-21.45,1.480977155
-21.73,1.665250383
-21.93,1.854189249
-22.3,2.451522888
-22.53,2.661753313
-22.63,2.878078215
-22.68,3.100861522
-22.71,3.330500766
-22.78,3.56743135
-22.82,3.812131521
-22.89,4.065128175
-23.02,4.327003696
-23.11,4.880048264
-23.27,5.172740153
-23.52,5.794990966
-23.61,6.126720538
-23.75,7.220776315
-23.88,7.624263041
-23.92,8.050818368
-24.02,8.503240919
-24.08,8.984871674
-24.12,9.499743849
-24.15,10.05278842
-24.18,10.65012206
-24.33,11.29946069
-24.4,12.79700319
-24.54,13.67598107
-24.78,14.672484
-24.82,15.82286221
-25.33,17.18347084
-25.69,18.84872123
-25.72,24.02146138
-26.98,29.19420153
-12.04,0.10418851
-12.34,0.211083516
-15.83,0.320829389
-17.3,0.433582369
-17.55,0.549511904
-18.43,0.668802179
-18.72,0.791653879
-19.33,0.918286219
-19.73,1.048939299
-19.79,1.183876841
-19.99,1.3233894
-20.14,1.61745921
-20.28,1.772769202
-20.4,1.934171314
-20.67,2.102163061
-20.84,2.277305507
-20.93,2.460234571
-21.14,2.651674965
-21.18,2.852457533
-21.32,3.063541049
-21.35,3.286039902
-21.39,3.770743753
-21.47,4.320255656
-21.54,4.625226735
-21.72,4.954620594
-22.01,5.312692104
-22.08,5.704915066
-22.15,6.138497435
-22.49,6.623201286
-22.52,7.17271319
-22.56,7.807078127
-22.62,8.5573726
-22.65,9.475658819
-22.73,10.65953566
-22.75,12.32811635
-23.7,15.18057389
-13.97,0.105053145
-14.88,0.212835246
-16.03,0.323491873
-19,0.437180563
-19.19,0.554072169
-19.5,0.674352405
-19.71,0.798223621
-20.36,0.925906852
-20.51,1.057644189
-20.68,1.193701545
-20.75,1.334371884
-20.93,1.47997902
-21.03,1.630882108
-21.14,1.78748098
-21.22,2.119608397
-21.28,2.480651455
-21.3,2.673680566
-21.39,2.87612938
-21.43,3.088964626
-21.46,3.313309943
-21.5,3.550481784
-21.52,4.069830925
-21.71,4.3561084
-21.78,4.66361036
-21.81,4.995737777
-21.91,5.356780835
-21.95,5.75225876
-22.08,6.189439323
-22.12,6.678165612
-22.27,7.23223778
-22.31,8.62838814
-22.38,9.554294992
-22.42,10.74799654
-22.83,12.43042437
-22.98,15.30655375
-12.07,0.180185055
-12.43,0.363676442
-13.11,0.550597772
-15.84,0.741079722
-16.29,0.93526058
-16.45,1.133286853
-16.49,1.335313926
-16.69,1.541506798
-16.72,1.75204089
-17.18,1.967102942
-17.4,2.18689201
-17.95,2.411620568
-18.22,2.64151575
-18.48,2.876820725
-18.94,3.11779624
-19.44,3.364722366
-19.81,3.617900446
-19.91,3.87765531
-20.27,4.144337781
-20.4,4.418327523
-20.44,4.989911661
-20.57,5.288441293
-20.85,5.596157879
-20.98,5.913644863
-21.01,6.241543091
-21.32,6.580558607
-21.53,6.931471806
-21.74,7.295148247
-21.77,7.672551527
-21.86,8.064758659
-21.99,8.472978604
-22.1,9.343092374
-22.32,9.80829253
-22.41,10.29619417
-22.48,10.80912712
-22.58,11.92138347
-22.71,12.52762969
-22.78,13.1730149
-22.84,13.86294361
-22.87,14.60402333
-22.94,15.40445041
-23.07,16.27456418
-23.14,17.22766598
-23.24,18.28127113
-23.53,19.45910149
-23.57,20.79441542
-23.67,22.33592222
-23.7,24.15913778
-23.73,26.3905733
-23.76,29.26739402
-23.83,33.3220451
-23.98,40.25351691
-11.66,0.113918714
-11.76,0.230235892
-11.81,0.349054705
-11.92,0.470485129
-12.08,0.594644554
-12.33,0.721658466
-12.64,0.851661215
-14.01,0.984796859
-14.57,1.121220133
-15.72,1.261097525
-15.91,1.404608499
-15.97,1.551946881
-16.07,1.703322429
-16.24,1.858962633
-16.28,2.019114771
-16.34,2.354057433
-16.37,2.529464606
-16.4,2.710623848
-16.44,3.501236244
-16.47,3.943461148
-16.52,4.424186988
-16.56,4.681203649
-16.59,4.950762567
-16.63,5.532864863
-16.67,6.183599867
-16.69,7.773003582
-16.72,9.362407297
-16.76,10.0131423
-16.79,12.60984743
-16.94,15.43208845
-17.17,17.67222717
-17.31,21.5017696
-13.23,0.138348678
-14.86,0.280291226
-16.93,0.426019352
-18.82,0.575740523
-19.08,0.729679741
-19.39,0.888081582
-19.93,1.051212528
-20.49,1.219363668
-20.61,1.392853823
-21.03,1.572033183
-21.06,1.757287564
-21.23,1.94904341
-21.26,2.147773706
-21.52,2.354005006
-21.9,2.568325843
-21.94,2.791396851
-22.1,3.02396305
-22.17,3.266868857
-22.45,3.521076592
-22.76,3.787689511
-22.83,4.067980737
-22.9,4.363430034
-22.96,4.675771093
-23.05,5.00705318
-23.11,5.359722694
-23.18,5.736732921
-23.33,6.141694517
-23.39,6.579086362
-23.6,7.054558368
-23.8,7.575379023
-23.96,8.794742691
-24.18,9.524422432
-24.29,10.36677587
-24.38,11.36306853
-24.45,12.5824322
-24.49,14.15446538
-24.53,16.37012171
-24.55,20.15781122
-14.63,0.13015171
-14.94,0.262385936
-15.25,0.396770406
-15.36,0.533376208
-15.67,0.672278012
-15.83,0.813554321
-16.36,0.957287732
-16.42,1.103565228
-16.5,1.252478497
-16.56,1.404124271
-16.67,1.558604709
-16.74,1.716027808
-16.77,1.876507856
-17,2.040165933
-17.04,2.207130457
-17.1,2.377537789
-17.13,2.551532906
-17.21,2.910913997
-17.27,3.481103017
-17.31,3.884327514
-17.34,4.093565597
-17.73,4.308239038
-18.49,4.528637775
-18.56,4.755075578
-19.64,4.987892743
-19.68,5.227459163
-19.83,5.474177867
-19.95,5.728489096
-20.23,5.990875032
-20.3,6.261865303
-21.37,6.542043416
-21.43,6.832054324
-21.55,7.132613367
-22.04,7.444516904
-22.17,7.768655029
-22.34,8.106026884
-22.49,8.457759235
-22.63,8.825129174
-22.97,9.209592113
-23.08,10.03672813
-23.12,10.48356467
-23.43,11.45697819
-23.5,11.9903544
-23.6,12.56054342
-23.64,14.55361827
-23.72,15.34130571
-24.48,16.21205377
-24.62,18.28903251
-24.66,19.56300508
-24.69,21.0697948
-24.76,22.91395638
-25.02,25.29149417
-25.13,28.64244548
-25.4,34.37093457
-17.5,0.144937684
-19.54,0.2942025
-20,0.448060793
-20.75,0.606804285
-20.82,0.770753399
-21.14,0.940261158
-21.31,1.115717757
-21.54,1.297555977
-21.55,1.486257617
-21.73,1.682361183
-22.17,1.886471156
-22.34,2.099269228
-22.37,2.321528041
-22.44,2.554128119
-22.48,2.79807894
-22.71,3.324881518
-22.9,3.913796696
-22.93,4.236489302
-23.02,4.581453659
-23.12,4.95199352
-23.55,5.787263943
-23.64,7.379532599
-23.85,8.047189562
-24.14,8.817942961
-24.48,9.729550745
-24.95,12.28367886
-25.29,14.3110044
-25.76,17.77674031
-16.2,0.065458055
-16.29,0.132294274
-19.28,0.200567942
-19.68,0.270342249
-19.93,0.341684648
-20.58,0.414667246
-20.59,0.565867401
-20.67,0.644256648
-21.06,0.724630641
-21.11,0.807092503
-21.45,0.891753605
-21.53,0.978734475
-21.62,1.068165831
-21.86,1.160189757
-21.94,1.254961069
-22.08,1.453438392
-22.18,1.557533068
-22.27,1.665157042
-22.41,1.892010896
-22.49,2.011821461
-22.61,2.136331661
-22.76,2.265925294
-22.78,2.401035182
-22.82,2.844723887
-22.83,3.007559743
-22.85,3.179201715
-22.87,3.360656997
-22.94,3.553116114
-22.98,3.758000308
-23.02,3.977025297
-23.08,4.466392534
-23.18,4.742619128
-23.37,5.379668955
-23.51,5.753583354
-23.55,6.177492537
-23.66,6.666859774
-23.97,7.245658367
-24.32,7.954050594
-24.48,8.867327014
-24.55,10.15451783
-24.62,12.35498507
-14.95,0.175675716
-15.74,0.354973865
-16.49,0.538046989
-16.78,0.725057469
-16.98,0.916178397
-17.2,1.111594535
-17.27,1.311503389
-18.33,1.51611641
-18.42,1.725660337
-18.88,1.940378707
-18.98,2.160533559
-19.6,2.386407354
-19.77,2.618305155
-21.01,2.856557104
-21.21,3.35358679
-21.36,3.613177774
-21.65,3.880757414
-21.91,4.156833052
-22.15,4.441961946
-22.38,4.736758047
-22.47,5.041899959
-22.71,5.358140343
-22.78,5.686317108
-22.92,6.027366787
-23.07,6.382340653
-23.14,6.752424257
-23.28,7.138961322
-23.37,7.543483197
-23.43,8.413774141
-23.48,8.883923892
-23.62,9.380953577
-23.74,9.908124202
-23.88,10.46932873
-23.94,11.06926675
-24.1,11.7136839
-24.26,12.40970744
-24.29,13.16632811
-24.45,14.91129068
-24.55,15.93549099
-24.71,17.09663353
-24.98,18.43707423
-25.4,20.02247907
-25.42,21.96285778
-25.63,24.46444102
-25.87,27.99022456
-25.92,34.01759135
-13.59,0.033013044
-13.65,0.066721151
-13.67,0.101154218
-13.93,0.136344117
-15.44,0.172324865
-15.77,0.209132829
-16.27,0.246806942
-16.39,0.285388952
-16.44,0.324923699
-16.45,0.365459432
-16.59,0.407048158
-16.61,0.449746046
-16.63,0.538717597
-16.72,0.585128844
-16.77,0.632925705
-16.8,0.733025543
-16.83,0.785524539
-16.89,0.895987364
-16.94,0.954214724
-16.97,1.014639854
-16.99,1.077435194
-17.07,1.142794306
-17.13,1.21093548
-17.17,1.282106127
-17.27,1.356588204
-17.28,1.434704961
-18.43,1.51682942
-18.68,1.603395146
-18.7,1.694910106
-18.76,1.791974728
-19.59,1.895305801
-19.64,2.005768626
-19.88,2.124421116
-21,2.252575568
-21.54,2.391887389
-21.65,2.544486223
-21.97,2.713176408
-22.02,2.90175599
-22.24,3.115549888
-22.32,3.36235683
-22.69,3.654267485
-22.81,4.011537252
-23.18,4.472138092
-23.44,5.121318514
-23.7,6.231099776
-13.09,0.041455163
-13.13,0.083699996
-13.66,0.126765167
-13.82,0.17068317
-14.12,0.215488464
-14.59,0.261217644
-14.79,0.307909614
-14.92,0.355605789
-17.26,0.404350314
-17.87,0.454190314
-18.22,0.505176161
-18.44,0.557361784
-18.47,0.610805012
-18.6,0.665567958
-19,0.721717455
-19.03,0.779325542
-19.05,0.838470024
-19.09,0.899235103
-19.23,0.961712098
-19.34,1.02600027
-19.58,1.092207774
-20,1.160452747
-20.03,1.230864587
-20.17,1.303585418
-20.21,1.378771827
-20.32,1.456596887
-20.48,1.537252563
-20.61,1.620952558
-20.72,1.707935732
-20.89,1.798470207
-20.91,1.892858351
-20.93,1.991442877
-20.95,2.094614347
-21.01,2.202820521
-21.08,2.316578105
-21.17,2.436487666
-21.75,2.563252833
-21.89,2.69770531
-21.95,2.840837981
-21.96,2.99384945
-22.01,3.158205121
-22.03,3.33572277
-22.2,3.52869544
-22.44,3.740073084
-22.52,3.973740229
-22.69,4.234957873
-22.71,4.531102013
-22.81,5.277325647
-22.96,5.772210436
-23.13,6.410227895
-23.68,7.309462998
-23.71,8.846715561
-14.06,0.193250246
-14.08,0.292017484
-14.35,0.39227
-14.46,0.494053148
-14.48,0.597414391
-14.78,0.80907238
-15,0.917475853
-15.64,1.027671199
-15.77,1.139718654
-15.8,1.253681543
-15.84,1.369626495
-15.87,1.487623675
-15.91,1.730074637
-15.94,1.854688857
-16.16,2.111130729
-16.3,2.243148244
-16.37,2.37783296
-16.45,2.515294874
-16.49,2.655650936
-16.65,2.799025637
-16.73,2.945551682
-16.79,3.095370721
-16.82,3.248634176
-16.9,3.405504158
-16.93,3.73077192
-16.96,3.899557306
-17.01,4.072727215
-17.03,4.250515529
-17.06,4.433175357
-17.09,4.620981204
-17.12,4.81423145
-17.16,5.013251204
-17.2,5.218395595
-17.24,5.430053584
-17.28,5.874662747
-17.31,6.108604879
-17.39,6.602658027
-17.43,6.864129448
-17.5,7.136276078
-17.52,7.716351925
-17.55,8.351753123
-17.59,8.693708419
-17.61,9.054156561
-17.66,9.435212653
-17.7,9.839376799
-17.74,10.26963361
-17.92,10.72958608
-17.98,11.22363923
-18.01,11.75725728
-18.28,12.33733313
-18.49,12.97273433
-18.57,13.67513776
-18.69,14.460358
-18.72,15.35056729
-18.78,16.37823849
-18.98,17.59371553
-19.42,19.08133921
-19.71,20.99921969
-20.91,23.70232041
-23.01,28.32330161
-21.11,0.20899562
-21.39,0.422909233
-22.3,0.641977884
-22.58,0.86645618
-22.82,1.332758856
-23.15,1.82427905
-23.18,2.080377931
-23.5,2.343900994
-23.78,2.615291568
-24,2.895033919
-24.05,3.183658449
-24.12,3.481747748
-24.28,3.789943672
-24.31,4.10895567
-24.34,4.439570617
-24.39,4.782664508
-24.43,5.139216446
-24.55,5.510325487
-24.68,5.897231073
-24.75,6.301338005
-24.79,6.724247238
-24.83,7.167794185
-24.86,7.634096861
-24.9,8.125617055
-24.97,8.645238999
-25.06,9.196371924
-25.14,9.783085753
-25.17,10.41029368
-25.26,11.08400251
-25.29,11.81166349
-25.41,12.60267601
-25.59,13.46913219
-25.71,14.42695506
-25.75,15.49770993
-25.78,16.71163168
-25.95,19.7704702
-26.24,21.79904793
-26.39,28.10038594
-27.28,34.40172394
-21.26,0.225047182
-22.11,0.69299148
-22.56,1.186945712
-22.73,1.444612707
-23.1,1.709972379
-23.45,1.983498234
-23.53,2.265708886
-23.56,2.557173977
-23.59,2.858521103
-23.62,3.170443946
-24.12,3.493711894
-24.19,3.829181476
-24.26,4.177810038
-24.29,4.540672211
-24.32,4.918979895
-24.46,5.727617923
-24.66,6.617248666
-24.75,8.144806506
-25.07,8.718482249
-25.14,9.331752218
-25.18,9.990489748
-25.23,10.70198048
-25.31,11.47541495
-25.38,12.32261654
-25.41,13.25915446
-25.48,14.30611478
-25.69,15.49306049
-25.72,16.86328875
-25.75,18.48392481
-25.88,20.46742305
-26.18,23.02459703
-26.45,26.62873132
-27.05,32.79003959
-16.11,0.18087094
-16.77,0.365549968
-17.19,0.554200891
-18.54,0.944128633
-19.2,1.145791074
-20.26,1.352198946
-20.61,1.563580977
-20.89,1.780182842
-20.99,2.002268877
-21.13,2.230124021
-21.15,2.464056013
-21.46,2.704397892
-21.55,2.951510848
-21.78,3.205787487
-21.96,3.467655585
-22.19,3.737582415
-22.26,4.016079769
-22.4,4.601091826
-22.44,4.90891042
-22.54,5.227924843
-22.57,5.558980352
-22.65,6.261109366
-22.72,7.024367059
-22.74,7.432437372
-22.77,7.860421268
-22.84,8.310362447
-23,9.286025913
-23.12,10.38394822
-23.3,10.98914885
-23.33,11.63921878
-23.37,12.34134779
-23.5,13.10460549
-23.54,13.94065969
-23.58,14.86487474
-23.67,15.89805927
-23.74,17.06938727
-23.91,20.02089812
-23.97,21.97829769
-24.12,24.50182464
-24.25,28.05853612
-24.28,34.13877454
-6.34,0.183902113
-8.12,0.279721423
-8.19,0.378318487
-8.75,0.479859178
-9.67,0.584524683
-9.77,0.692513453
-10.91,0.804043463
-10.94,0.919354863
-11.26,1.038713094
-11.51,1.162412564
-11.82,1.290781026
-12.07,1.424184812
-12.89,1.563035134
-13.08,1.707795727
-13.96,1.858992199
-14.99,2.017223544
-16.94,2.183176484
-18.81,2.357643471
-19.92,2.541545584
-20.2,2.735961958
-20.86,2.942168155
-21.06,3.161686934
-21.12,3.396356565
-21.22,3.648424498
-21.32,3.920678605
-21.36,4.21663567
-21.44,4.540819955
-21.54,4.899189056
-21.62,5.299811626
-21.66,5.754000036
-21.88,6.278322077
-22.06,6.898463426
-22.13,7.657455097
-22.26,8.635965548
-22.4,10.01509857
-22.46,12.37274204
-6.84,0.155259448
-7.22,0.313316514
-7.46,0.474273871
-8.09,0.63823995
-8.83,0.805329379
-9.03,0.975663466
-9.44,1.149370723
-9.56,1.326587454
-9.65,1.507458394
-9.96,1.692137422
-10.26,1.880788345
-11.28,2.073585772
-11.5,2.270716087
-11.57,2.472378528
-11.61,2.6787864
-12.54,2.890168431
-12.76,3.106770296
-12.87,3.328856331
-14.02,3.556711475
-14.9,3.790643467
-15.32,4.278098301
-15.44,4.532374941
-15.99,4.794243038
-16.12,5.064169869
-16.47,5.342667222
-17.37,5.630297247
-18.23,5.927679279
-18.26,6.235497874
-18.72,6.554512297
-19.72,6.885567805
-20.63,7.229609149
-20.86,7.58769682
-20.93,7.961026771
-21.06,8.350954513
-21.49,8.759024826
-21.52,9.187008722
-21.55,9.636949901
-21.67,10.11122377
-21.81,10.61261337
-21.85,11.14440829
-22.03,11.71053567
-22.07,12.3157363
-22.1,12.96580623
-22.15,13.66793525
-22.23,14.43119294
-22.38,15.26724715
-22.45,16.1914622
-22.7,17.22464672
-22.76,18.39597473
-22.85,19.74817367
-23.16,21.34748557
-23.19,23.30488515
-23.26,25.8284121
-24.19,29.38512357
-24.65,35.465362
-14.08,0.15991298
-18.91,0.325438073
-19.07,0.496983564
-19.2,0.675003979
-19.7,0.860007343
-19.86,1.052563921
-19.88,1.25331682
-19.9,1.462994945
-20.07,1.682428981
-20.14,1.912571265
-20.34,2.154520766
-20.55,2.409554829
-20.67,2.679169989
-21.23,2.965135186
-21.41,3.269562172
-21.55,3.595000246
-21.61,3.944566152
-21.75,4.322126094
-22.07,4.732557117
-22.09,5.182133437
-22.2,5.679117002
-22.4,6.234697358
-22.47,6.864562418
-22.49,7.591688266
-22.65,8.45169561
-22.8,9.504259531
-22.98,10.86125044
-23.05,12.7738217
-23.18,16.04338388
-13.7,0.068359687
-13.75,0.137703
-14.43,0.20805866
-14.8,0.279456663
-16.63,0.351928362
-16.68,0.500225512
-16.75,0.576121208
-16.78,0.653231287
-16.85,0.731595243
-16.87,0.974635501
-16.92,1.058451129
-17.01,1.230586467
-17.06,1.409098619
-17.11,1.500897149
-17.15,1.689912634
-17.19,1.886645138
-17.22,2.091751714
-17.3,2.305977075
-17.38,2.416769934
-17.42,2.530169922
-17.46,2.6463027
-17.5,2.765303243
-17.53,2.887316775
-17.57,3.141021515
-17.66,3.273064764
-17.7,3.548527
-17.82,3.692396702
-17.86,3.993699627
-17.93,4.151722869
-18,4.484218636
-18.13,4.659484391
-18.2,4.841365489
-18.26,5.030380974
-18.43,5.227113478
-18.6,5.432220054
-18.66,5.870638262
-18.8,6.105771583
-18.83,6.352968183
-19.38,6.613533104
-19.4,6.88899534
-20.27,7.181162192
-20.4,7.492191209
-20.43,7.824686976
-22.53,8.181833829
-22.96,8.567581818
-23.03,8.986913755
-23.49,9.446239923
-23.79,9.954001444
-24.12,10.52163053
-24.23,11.16515532
-24.31,11.90805016
-24.46,12.78670826
-25.07,13.86209887
-25.2,15.2485185
-25.58,17.20256721
-25.63,20.54303555
-16.69,0.056169646
-17.81,0.113136052
-18.3,0.170922146
-19.15,0.229551863
-19.31,0.289050199
-19.53,0.349443281
-19.71,0.41075843
-19.76,0.47302424
-19.81,0.536270653
-19.84,0.600529052
-19.97,0.665832349
-20.35,0.732215088
-20.46,0.799713555
-20.64,0.868365897
-20.87,0.938212254
-21.14,1.009294893
-21.17,1.081658369
-21.22,1.155349689
-21.51,1.230418496
-21.55,1.306917271
-21.61,1.464430175
-21.64,1.712925772
-21.67,1.799296074
-21.81,2.164644581
-21.85,2.261421897
-21.88,2.462266959
-22.16,2.566586182
-22.26,2.673687576
-22.29,2.783723617
-22.4,2.896859669
-22.44,3.133166898
-22.47,3.384252669
-22.52,3.515938704
-22.58,3.652089514
-22.61,3.939073305
-22.7,4.090640888
-22.74,4.248153792
-22.78,4.412097545
-23.11,4.583019691
-23.21,4.761540826
-23.32,4.948368198
-23.36,5.144312632
-23.47,5.567447233
-23.49,6.299662321
-23.65,6.576742126
-23.77,6.874364504
-23.81,7.195821162
-23.95,7.545264443
-24.16,8.35117085
-24.27,8.82419509
-24.42,9.360465743
-24.49,10.71175987
-24.63,11.60791871
-24.79,12.7632684
-25.2,14.39164232
-25.7,17.17536594
-12.71,0.079528624
-12.96,0.160663994
-13.13,0.243472377
-13.32,0.328024221
-13.38,0.414394523
-13.46,0.502663225
-13.56,0.592915658
-13.6,0.876520345
-13.63,1.077365408
-13.72,1.181684631
-13.76,1.288786024
-13.8,1.398822065
-14.03,1.511958117
-14.07,1.628373928
-14.13,1.748265346
-14.32,1.871846305
-14.46,1.999351117
-14.49,2.131037153
-14.74,2.267187963
-15.43,2.408116958
-15.46,2.554171754
-17.25,2.705739336
-17.8,2.86325224
-18.21,3.027195993
-19.27,3.19811814
-19.37,3.376639275
-19.93,3.563466647
-20.24,3.759411081
-20.31,3.965408247
-20.58,4.182545682
-20.78,4.412097545
-20.83,4.655569922
-20.9,4.91476077
-21.23,5.191840575
-21.33,5.489462953
-21.35,5.81091961
-21.65,6.160362891
-21.82,6.543134698
-21.92,6.966269299
-22.03,7.439293538
-22.31,8.594643227
-22.34,10.22301716
-22.44,11.37836684
-22.78,13.00674077
-23.37,15.79046439
-12.34,0.032413967
-14.5,0.06521154
-15.08,0.098401908
-15.18,0.131994593
-15.66,0.165999469
-16.67,0.200426776
-16.73,0.235287142
-17.22,0.270591602
-17.31,0.306351615
-19.44,0.342579093
-19.5,0.379286419
-20.28,0.416486475
-20.65,0.45419267
-20.84,0.492418967
-20.91,0.531179915
-20.93,0.570490681
-21.16,0.61036709
-21.38,0.691883631
-21.45,0.733559042
-21.64,0.775870743
-22.05,0.818838465
-22.12,0.90682562
-22.46,0.951889419
-22.49,0.997698108
-22.6,1.0916516
-22.66,1.139850425
-22.82,1.188902371
-22.85,1.238838183
-23.05,1.289690299
-23.08,1.341492977
-23.24,1.394282432
-23.42,1.448096989
-23.46,1.502977249
-23.52,1.558966277
-23.58,1.616109798
-23.61,1.674456428
-23.67,1.734057921
-23.73,1.794969441
-23.81,1.857249873
-23.85,1.920962163
-23.93,1.986173703
-23.96,2.052956756
-23.99,2.41338113
-24.05,2.57178782
-24.15,2.739800629
-24.19,2.918660271
-24.22,3.109864534
-24.31,3.315244596
-24.35,3.537071961
-24.41,3.907135867
-24.45,4.184503419
-24.51,4.334343293
-24.55,4.660762792
-24.67,4.839622435
-24.71,5.236206759
-24.82,5.458034124
-24.85,5.963313265
-24.95,6.581724955
-25.03,6.951788861
-25.06,7.378996287
-25.12,7.884275429
-25.19,9.299958451
-25.37,10.42364928
-25.43,12.34461144
-16.28,0.055652544
-18.63,0.112679363
-19.57,0.171150051
-19.65,0.231139627
-19.68,0.292729112
-20.11,0.356006189
-20.24,0.488011764
-20.72,0.628022438
-20.84,0.701345067
-20.88,0.855366717
-21.01,0.936409026
-21.03,1.020398966
-21.24,1.198138091
-21.27,1.292415215
-21.3,1.390705317
-21.33,1.493365277
-21.76,1.600801803
-21.9,1.713481166
-21.95,1.83194143
-21.99,1.956807992
-22.02,2.088813566
-22.16,2.22882424
-22.24,2.377873943
-22.27,2.537210828
-22.45,2.70836088
-22.5,3.09416708
-22.52,3.314282968
-22.57,3.557609794
-22.72,4.138012631
-22.96,4.915084771
-23.01,6.094820623
-23.06,7.031229648
-23.29,8.632031451
-19.49,0.168785387
-22.94,0.341955296
-23.23,0.51974361
-23.72,0.702403438
-23.78,0.890209284
-24.35,1.08345953
-24.36,1.282479284
-24.41,1.487623675
-24.46,1.699281664
-24.58,1.917880483
-24.69,2.143890828
-24.79,2.37783296
-24.92,2.620283921
-24.98,3.133357528
-25.06,3.405504158
-25.11,3.689234921
-25.2,3.985580005
-25.26,4.295713443
-25.4,4.620981204
-25.55,4.9629365
-25.64,5.323384641
-25.77,5.704440734
-25.82,6.108604879
-25.89,6.538861687
-25.92,6.998814163
-25.96,7.492867311
-26.07,8.606561209
-26.11,9.241962407
-26.28,9.944365845
-26.35,10.72958608
-26.43,11.61979537
-26.54,12.64746657
-26.57,13.86294361
-26.59,15.35056729
-26.62,17.26844777
-26.64,19.97154849
-27.2,24.59252969
-16.69,0.057972476
-19.87,0.116971066
-19.96,0.177032751
-20.32,0.238196547
-20.51,0.300503657
-20.54,0.36399764
-20.7,0.428724593
-20.86,0.49473335
-20.93,0.562075708
-20.99,0.630806665
-21.12,0.700984696
-21.16,0.845935069
-21.25,0.920844589
-21.45,0.997476316
-21.6,1.075911308
-21.63,1.238545188
-21.81,1.322937881
-21.85,1.409522836
-21.91,1.498416993
-21.98,1.589746907
-22.02,1.780274953
-22.2,1.87978483
-22.52,1.982357026
-22.55,2.19748543
-22.6,2.310490602
-22.66,2.427461668
-22.7,2.548687148
-22.84,2.674488242
-22.87,2.805223952
-22.93,2.941297267
-23.1,3.231335191
-23.13,3.386401909
-23.2,3.54903579
-23.33,3.720013438
-23.37,3.900237509
-23.57,4.090765555
-23.63,4.292847628
-23.66,4.73795227
-23.71,4.984978844
-23.76,5.859526392
-23.78,6.210728111
-24,6.60333823
-24.08,7.048442872
-24.26,7.562278471
-24.44,8.170016994
-24.65,8.913828831
-24.68,9.872769073
-24.79,11.22431943
-24.95,13.53481004
