,Date,start,end,INP,T,INP_plus,INP_minus
0,16092612001500,1200,1500,,-27.0,,
1,16092612111512,1211,1512,,-27.0,,
2,16092710571426,1057,1426,,-27.0,,
3,16092812351535,1235,1535,,-27.0,,
4,16092813341540,1334,1540,,-27.0,,
5,16093010191319,1019,1319,,-27.0,,
6,16093011201355,1120,1355,,-27.0,,
7,16093014211621,1421,1621,,-27.0,,
8,16100310261327,1026,1327,,-27.0,,
9,16100310201359,1020,1359,,-27.0,,
10,16100310321335,1032,1335,,-27.0,,
11,16100313351636,1335,1636,,-27.0,,
12,16100313471623,1347,1623,,-27.0,,
13,16100410331320,1033,1320,,-27.0,,
14,16100511161218,1116,1218,,-27.0,,
15,16100513391439,1339,1439,,-27.0,,
16,16100511161559,1116,1559,,-27.0,,
17,16100614241654,1424,1654,,-27.0,,
18,16100611401410,1140,1410,,-27.0,,
19,16100614241654,1424,1654,,-27.0,,
20,16100611391413,1139,1413,,-27.0,,
21,16100614201658,1420,1658,,-27.0,,
22,16100710411241,1041,1241,,-27.0,,
23,16100713021502,1302,1502,,-27.0,,
24,16100713021502,1302,1502,,-27.0,,
25,16100711211306,1121,1306,,-27.0,,
26,16101012391339,1239,1339,,-27.0,,
27,16101013501636,1350,1636,,-27.0,,
28,16101011291636,1129,1636,,-27.0,,
29,16101110401403,1040,1403,13.0782198356,-27.0,15.2448077231,11.1008733275
30,16101114101624,1410,1624,,-27.0,,
31,16101110401403,1040,1403,,-27.0,,
32,16101114101624,1410,1624,,-27.0,,
33,16101310391442,1039,1442,,-27.0,,
34,16101310411442,1041,1442,,-27.0,,
35,16101410391219,1039,1219,,-27.0,,
36,16101407301031,0730,1031,,-27.0,,
37,16101711461449,1146,1449,,-27.0,,
38,16101715101711,1510,1711,,-27.0,,
39,16101810551415,1055,1415,,-27.0,,
40,16101810551610,1055,1610,,-27.0,,
41,16101814151610,1415,1610,,-27.0,,
42,16101810451352,1045,1352,,-27.0,,
43,16101814001615,1400,1615,,-27.0,,
44,16101910041304,1004,1304,,-27.0,,
45,16101913201621,1320,1621,,-27.0,,
46,16102011451335,1145,1335,,-27.0,nan,nan
47,16102013451600,1345,1600,,-27.0,nan,nan
48,16102114421636,1442,1636,,-27.0,,
49,16102111421636,1142,1636,,-27.0,,
50,16102114421636,1442,1636,,-27.0,,
51,16102412051537,1205,1537,,-27.0,,
52,16102711491558,1149,1558,,-27.0,,
53,16102711491558,1149,1558,,-27.0,,
54,16102711491558,1149,1558,,-27.0,,
55,16103110171730,1017,1730,,-27.0,,
56,16103110171730,1017,1730,,-27.0,,
57,16110111101410,1110,1410,,-27.0,nan,nan
58,16110210291529,1029,1529,,-27.0,,
59,16092612001500,1200,1500,,-26.0,,
60,16092612111512,1211,1512,,-26.0,,
61,16092710571426,1057,1426,,-26.0,,
62,16092812351535,1235,1535,,-26.0,,
63,16092813341540,1334,1540,,-26.0,,
64,16093010191319,1019,1319,,-26.0,,
65,16093011201355,1120,1355,,-26.0,,
66,16093014211621,1421,1621,,-26.0,,
67,16100310261327,1026,1327,19.8445165671,-26.0,22.3470082627,17.5188941165
68,16100310201359,1020,1359,,-26.0,,
69,16100310321335,1032,1335,,-26.0,,
70,16100313351636,1335,1636,,-26.0,,
71,16100313471623,1347,1623,,-26.0,,
72,16100410331320,1033,1320,22.0488404589,-26.0,25.6571571171,18.7472383715
73,16100511161218,1116,1218,34.604439565,-26.0,41.7302061724,28.1991530776
74,16100513391439,1339,1439,,-26.0,,
75,16100511161559,1116,1559,,-26.0,,
76,16100614241654,1424,1654,,-26.0,,
77,16100611401410,1140,1410,,-26.0,nan,nan
78,16100614241654,1424,1654,,-26.0,,
79,16100611391413,1139,1413,,-26.0,,
80,16100614201658,1420,1658,,-26.0,,
81,16100710411241,1041,1241,,-26.0,,
82,16100713021502,1302,1502,,-26.0,,
83,16100713021502,1302,1502,,-26.0,nan,nan
84,16100711211306,1121,1306,,-26.0,,
85,16101012391339,1239,1339,,-26.0,,
86,16101013501636,1350,1636,,-26.0,,
87,16101011291636,1129,1636,,-26.0,,
88,16101110401403,1040,1403,7.28730631445,-26.0,9.01311765262,5.75073635559
89,16101114101624,1410,1624,,-26.0,,
90,16101110401403,1040,1403,,-26.0,,
91,16101114101624,1410,1624,,-26.0,nan,nan
92,16101310391442,1039,1442,,-26.0,,
93,16101310411442,1041,1442,,-26.0,,
94,16101410391219,1039,1219,,-26.0,,
95,16101407301031,0730,1031,,-26.0,,
96,16101711461449,1146,1449,,-26.0,,
97,16101715101711,1510,1711,,-26.0,,
98,16101810551415,1055,1415,,-26.0,,
99,16101810551610,1055,1610,,-26.0,,
100,16101814151610,1415,1610,,-26.0,,
101,16101810451352,1045,1352,,-26.0,,
102,16101814001615,1400,1615,,-26.0,,
103,16101910041304,1004,1304,,-26.0,,
104,16101913201621,1320,1621,,-26.0,,
105,16102011451335,1145,1335,20.1202249779,-26.0,24.2799926348,16.3573168251
106,16102013451600,1345,1600,21.4902926398,-26.0,25.8837641011,17.523665623
107,16102114421636,1442,1636,,-26.0,,
108,16102111421636,1142,1636,,-26.0,,
109,16102114421636,1442,1636,,-26.0,,
110,16102412051537,1205,1537,,-26.0,,
111,16102711491558,1149,1558,,-26.0,,
112,16102711491558,1149,1558,,-26.0,,
113,16102711491558,1149,1558,,-26.0,,
114,16103110171730,1017,1730,,-26.0,,
115,16103110171730,1017,1730,,-26.0,,
116,16110111101410,1110,1410,7.8978469102,-26.0,10.248217934,5.8676092197
117,16110210291529,1029,1529,,-26.0,,
118,16092612001500,1200,1500,,-25.0,,
119,16092612111512,1211,1512,,-25.0,,
120,16092710571426,1057,1426,,-25.0,,
121,16092812351535,1235,1535,,-25.0,nan,nan
122,16092813341540,1334,1540,,-25.0,,
123,16093010191319,1019,1319,,-25.0,,
124,16093011201355,1120,1355,,-25.0,,
125,16093014211621,1421,1621,,-25.0,,
126,16100310261327,1026,1327,7.87464674395,-25.0,9.59902384541,6.32713888743
127,16100310201359,1020,1359,8.42999550223,-25.0,10.6140096326,6.52006812987
128,16100310321335,1032,1335,,-25.0,nan,nan
129,16100313351636,1335,1636,,-25.0,,
130,16100313471623,1347,1623,,-25.0,,
131,16100410331320,1033,1320,12.2983224671,-25.0,15.1151736318,9.78818587322
132,16100511161218,1116,1218,17.7476703791,-25.0,23.0552902503,13.160530628
133,16100513391439,1339,1439,,-25.0,,
134,16100511161559,1116,1559,,-25.0,,
135,16100614241654,1424,1654,,-25.0,,
136,16100611401410,1140,1410,3.38856052495,-25.0,4.00152954629,2.82681283695
137,16100614241654,1424,1654,,-25.0,,
138,16100611391413,1139,1413,,-25.0,,
139,16100614201658,1420,1658,,-25.0,,
140,16100710411241,1041,1241,,-25.0,,
141,16100713021502,1302,1502,12.7249148956,-25.0,16.0791239923,9.77087246561
142,16100713021502,1302,1502,15.659086413,-25.0,18.9288434794,12.7031855559
143,16100711211306,1121,1306,,-25.0,,
144,16101012391339,1239,1339,,-25.0,nan,nan
145,16101013501636,1350,1636,,-25.0,,
146,16101011291636,1129,1636,,-25.0,nan,nan
147,16101110401403,1040,1403,4.44965527798,-25.0,5.81604988869,3.27250204659
148,16101114101624,1410,1624,,-25.0,,
149,16101110401403,1040,1403,15.5030631273,-25.0,17.8715262833,13.3201307353
150,16101114101624,1410,1624,16.303077022,-25.0,19.4584634826,13.4343771287
151,16101310391442,1039,1442,,-25.0,,
152,16101310411442,1041,1442,,-25.0,,
153,16101410391219,1039,1219,,-25.0,,
154,16101407301031,0730,1031,,-25.0,,
155,16101711461449,1146,1449,,-25.0,,
156,16101715101711,1510,1711,25.1086066488,-25.0,28.6041273882,21.8611230995
157,16101810551415,1055,1415,12.581814973,-25.0,15.3154130474,10.1226168986
158,16101810551610,1055,1610,,-25.0,,
159,16101814151610,1415,1610,18.5125696965,-25.0,22.1892808766,15.1699106904
160,16101810451352,1045,1352,,-25.0,,
161,16101814001615,1400,1615,,-25.0,,
162,16101910041304,1004,1304,,-25.0,,
163,16101913201621,1320,1621,,-25.0,,
164,16102011451335,1145,1335,8.82894997395,-25.0,11.6469007747,6.40785867737
165,16102013451600,1345,1600,8.59299068011,-25.0,11.4432918939,6.16953391081
166,16102114421636,1442,1636,,-25.0,,
167,16102111421636,1142,1636,,-25.0,,
168,16102114421636,1442,1636,,-25.0,,
169,16102412051537,1205,1537,,-25.0,,
170,16102711491558,1149,1558,13.7386933922,-25.0,15.6298676803,11.9778975191
171,16102711491558,1149,1558,13.5973135777,-25.0,15.3046381473,11.9971286779
172,16102711491558,1149,1558,,-25.0,,
173,16103110171730,1017,1730,6.81301489598,-25.0,7.7466222379,5.94130561517
174,16103110171730,1017,1730,,-25.0,,
175,16110111101410,1110,1410,3.20139418583,-25.0,4.77785923577,1.94506246923
176,16110210291529,1029,1529,,-25.0,,
177,16092612001500,1200,1500,10.8414209414,-24.0,13.0212589856,8.87082036995
178,16092612111512,1211,1512,,-24.0,,
179,16092710571426,1057,1426,,-24.0,,
180,16092812351535,1235,1535,13.8823715316,-24.0,16.5262687589,11.4756101068
181,16092813341540,1334,1540,,-24.0,,
182,16093010191319,1019,1319,,-24.0,,
183,16093011201355,1120,1355,,-24.0,,
184,16093014211621,1421,1621,,-24.0,,
185,16100310261327,1026,1327,3.02584070302,-24.0,4.13932162959,2.08922902139
186,16100310201359,1020,1359,5.44864755378,-24.0,7.291989323,3.87939254256
187,16100310321335,1032,1335,4.88256586411,-24.0,5.65207603524,4.1719788303
188,16100313351636,1335,1636,,-24.0,,
189,16100313471623,1347,1623,,-24.0,,
190,16100410331320,1033,1320,9.9740135745,-24.0,12.5411093082,7.71363241162
191,16100511161218,1116,1218,12.8351212274,-24.0,17.4132355524,8.97748702233
192,16100513391439,1339,1439,,-24.0,,
193,16100511161559,1116,1559,,-24.0,,
194,16100614241654,1424,1654,19.084613864,-24.0,22.3584168615,16.0775886443
195,16100611401410,1140,1410,1.68578875584,-24.0,2.1169249,1.30587394502
196,16100614241654,1424,1654,,-24.0,,
197,16100611391413,1139,1413,,-24.0,,
198,16100614201658,1420,1658,,-24.0,,
199,16100710411241,1041,1241,,-24.0,,
200,16100713021502,1302,1502,6.0540651826,-24.0,8.40424307491,4.10405395695
201,16100713021502,1302,1502,7.58780505425,-24.0,9.89913027926,5.5903360384
202,16100711211306,1121,1306,,-24.0,,
203,16101012391339,1239,1339,23.3715353754,-24.0,30.2637483506,17.3939890668
204,16101013501636,1350,1636,14.1937950938,-24.0,16.8773408873,11.7513135573
205,16101011291636,1129,1636,6.41960048922,-24.0,7.77922245313,5.19599325411
206,16101110401403,1040,1403,2.26431022465,-24.0,3.27111438728,1.44674744133
207,16101114101624,1410,1624,,-24.0,,
208,16101110401403,1040,1403,8.02581546665,-24.0,9.79305237517,6.44410932217
209,16101114101624,1410,1624,8.41275640915,-24.0,10.7046161488,6.4075832367
210,16101310391442,1039,1442,,-24.0,,
211,16101310411442,1041,1442,,-24.0,,
212,16101410391219,1039,1219,,-24.0,,
213,16101407301031,0730,1031,,-24.0,,
214,16101711461449,1146,1449,8.92741173474,-24.0,11.2069988623,6.91022897874
215,16101715101711,1510,1711,15.6621076236,-24.0,18.5448267676,13.0274256697
216,16101810551415,1055,1415,8.44585511345,-24.0,10.6845540147,6.48155621226
217,16101810551610,1055,1610,7.30637770092,-24.0,8.71149376119,6.02570608508
218,16101814151610,1415,1610,11.3109231771,-24.0,14.1974023783,8.7584961499
219,16101810451352,1045,1352,,-24.0,,
220,16101814001615,1400,1615,,-24.0,,
221,16101910041304,1004,1304,,-24.0,,
222,16101913201621,1320,1621,,-24.0,,
223,16102011451335,1145,1335,2.89503391926,-24.0,4.53422965839,1.65269768427
224,16102013451600,1345,1600,3.41612758674,-24.0,5.27471629587,1.98438332205
225,16102114421636,1442,1636,22.4830030832,-24.0,26.5427214136,18.7671444019
226,16102111421636,1142,1636,,-24.0,,
227,16102114421636,1442,1636,28.6584835939,-24.0,32.713927639,24.8986381945
228,16102412051537,1205,1537,,-24.0,,
229,16102711491558,1149,1558,10.3152199546,-24.0,11.9914876407,8.76933068367
230,16102711491558,1149,1558,7.73714692061,-24.0,9.06224901295,6.51918449806
231,16102711491558,1149,1558,,-24.0,,
232,16103110171730,1017,1730,2.43978224509,-24.0,3.01732731059,1.92413524072
233,16103110171730,1017,1730,,-24.0,,
234,16110111101410,1110,1410,0.964797098342,-24.0,1.87982822179,0.369899308225
235,16110210291529,1029,1529,6.60333822956,-24.0,7.82952233657,5.48754492715
236,16092612001500,1200,1500,7.17292008718,-23.0,8.96428348101,5.59079416612
237,16092612111512,1211,1512,,-23.0,nan,nan
238,16092710571426,1057,1426,,-23.0,,
239,16092812351535,1235,1535,4.75451027115,-23.0,6.33481453548,3.41134180928
240,16092813341540,1334,1540,,-23.0,,
241,16093010191319,1019,1319,,-23.0,,
242,16093011201355,1120,1355,,-23.0,,
243,16093014211621,1421,1621,,-23.0,,
244,16100310261327,1026,1327,1.02392130154,-23.0,1.67196427074,0.552747577282
245,16100310201359,1020,1359,2.6886446733,-23.0,4.02576298581,1.62561311879
246,16100310321335,1032,1335,3.09395201698,-23.0,3.71640263529,2.53042453601
247,16100313351636,1335,1636,,-23.0,,
248,16100313471623,1347,1623,,-23.0,,
249,16100410331320,1033,1320,7.37601693272,-23.0,9.60080880558,5.45793963072
250,16100511161218,1116,1218,6.74948725121,-23.0,10.1354248157,4.08402980675
251,16100513391439,1339,1439,,-23.0,,
252,16100511161559,1116,1559,,-23.0,,
253,16100614241654,1424,1654,7.46750086031,-23.0,9.57770653387,5.62407296454
254,16100611401410,1140,1410,1.18558011349,-23.0,1.55541758812,0.866963972186
255,16100614241654,1424,1654,,-23.0,,
256,16100611391413,1139,1413,,-23.0,,
257,16100614201658,1420,1658,,-23.0,,
258,16100710411241,1041,1241,20.4731582768,-23.0,24.6593378895,16.7082067342
259,16100713021502,1302,1502,4.59287715399,-23.0,6.6387457182,2.94717525645
260,16100713021502,1302,1502,4.06335475253,-23.0,5.78171999299,2.65884572123
261,16100711211306,1121,1306,,-23.0,,
262,16101012391339,1239,1339,15.2715121979,-23.0,20.8114797223,10.64621134
263,16101013501636,1350,1636,8.73628741298,-23.0,10.8633931366,6.85024594638
264,16101011291636,1129,1636,4.06798190422,-23.0,5.1626722176,3.10930631964
265,16101110401403,1040,1403,1.29792333682,-23.0,2.07316363942,0.711924413533
266,16101114101624,1410,1624,,-23.0,,
267,16101110401403,1040,1403,5.48654405972,-23.0,6.9963985879,4.16222029557
268,16101114101624,1410,1624,4.28671515423,-23.0,5.95676577162,2.903351104
269,16101310391442,1039,1442,,-23.0,nan,nan
270,16101310411442,1041,1442,,-23.0,,
271,16101410391219,1039,1219,15.8060413802,-23.0,19.2283032879,12.7267794724
272,16101407301031,0730,1031,,-23.0,,
273,16101711461449,1146,1449,4.82300757607,-23.0,6.52069804806,3.38772147567
274,16101715101711,1510,1711,9.43517466391,-23.0,11.6966316087,7.42175490922
275,16101810551415,1055,1415,4.50479491327,-23.0,6.16678517061,3.11720465592
276,16101810551610,1055,1610,3.86751280238,-23.0,4.89685679621,2.96261325302
277,16101814151610,1415,1610,6.21668618235,-23.0,8.39042848159,4.37699605702
278,16101810451352,1045,1352,4.24806200774,-23.0,4.98905257686,3.5698336148
279,16101814001615,1400,1615,5.92233219083,-23.0,6.91608742447,5.0074644497
280,16101910041304,1004,1304,,-23.0,nan,nan
281,16101913201621,1320,1621,3.22994579533,-23.0,3.99737679433,2.55077290259
282,16102011451335,1145,1335,1.60086077995,-23.0,2.8278020962,0.770778967823
283,16102013451600,1345,1600,1.6382535487,-23.0,2.96219358546,0.741157956379
284,16102114421636,1442,1636,9.28602591276,-23.0,11.8486034801,7.06730799452
285,16102111421636,1142,1636,,-23.0,,
286,16102114421636,1442,1636,20.5220342696,-23.0,24.0867132781,17.2529539068
287,16102412051537,1205,1537,11.4076993714,-23.0,14.120046814,8.99736450733
288,16102711491558,1149,1558,8.80720006798,-23.0,10.3670649851,7.37771356593
289,16102711491558,1149,1558,4.52604564236,-23.0,5.55194327593,3.60728767858
290,16102711491558,1149,1558,,-23.0,nan,nan
291,16103110171730,1017,1730,1.27697727027,-23.0,1.6995426477,0.916309953959
292,16103110171730,1017,1730,5.85887345234,-23.0,6.9306335656,4.89273304655
293,16110111101410,1110,1410,,-23.0,,
294,16110210291529,1029,1529,3.06072464751,-23.0,3.92176392042,2.3100761792
295,16092612001500,1200,1500,4.51667126533,-22.0,5.98193679699,3.26064320644
296,16092612111512,1211,1512,2.84577873819,-22.0,3.45086587518,2.30064050357
297,16092710571426,1057,1426,1.28688842957,-22.0,1.67447480566,0.95221793683
298,16092812351535,1235,1535,1.70926211875,-22.0,2.68722018774,0.968439852213
299,16092813341540,1334,1540,,-22.0,,
300,16093010191319,1019,1319,8.09816824945,-22.0,10.052154329,6.36195994771
301,16093011201355,1120,1355,3.81278997826,-22.0,4.54803303711,3.14263914582
302,16093014211621,1421,1621,5.76012083878,-22.0,6.80275775113,4.80964575661
303,16100310261327,1026,1327,0.333783267552,-22.0,0.738148231324,0.106287548715
304,16100310201359,1020,1359,1.01484476261,-22.0,1.87281600849,0.430960274718
305,16100310321335,1032,1335,1.55411260111,-22.0,1.99310593113,1.17404240842
306,16100313351636,1335,1636,,-22.0,,
307,16100313471623,1347,1623,,-22.0,,
308,16100410331320,1033,1320,4.92923732717,-22.0,6.80260194757,3.36258727762
309,16100511161218,1116,1218,3.67085011063,-22.0,6.21838716746,1.84379317382
310,16100513391439,1339,1439,45.8742201448,-22.0,54.5871824799,37.961591143
311,16100511161559,1116,1559,,-22.0,,
312,16100614241654,1424,1654,3.18653643289,-22.0,4.61291423,2.02693641357
313,16100611401410,1140,1410,0.644694486431,-22.0,0.917202813117,0.423407493079
314,16100614241654,1424,1654,,-22.0,,
315,16100611391413,1139,1413,,-22.0,,
316,16100614201658,1420,1658,,-22.0,,
317,16100710411241,1041,1241,12.9090365378,-22.0,16.2995895914,9.93971155428
318,16100713021502,1302,1502,2.02789390353,-22.0,3.44791310346,1.00804137026
319,16100713021502,1302,1502,3.08769715509,-22.0,4.54025175234,1.94899876699
320,16100711211306,1121,1306,,-22.0,,
321,16101012391339,1239,1339,7.07554964104,-22.0,11.1107143353,3.9550516135
322,16101013501636,1350,1636,4.43196864445,-22.0,5.97136256902,3.13363897691
323,16101011291636,1129,1636,2.40260242062,-22.0,3.2543127874,1.68690678264
324,16101110401403,1040,1403,1.01961139893,-22.0,1.72250938931,0.505954787859
325,16101114101624,1410,1624,,-22.0,nan,nan
326,16101110401403,1040,1403,3.32726277389,-22.0,4.52975884568,2.31029746613
327,16101114101624,1410,1624,1.9671983154,-22.0,3.14162952008,1.07945367788
328,16101310391442,1039,1442,5.30034481072,-22.0,6.79850715785,3.99979563232
329,16101310411442,1041,1442,5.92040513018,-22.0,7.53406963759,4.50599373482
330,16101410391219,1039,1219,8.55207985568,-22.0,11.1344849393,6.31267477206
331,16101407301031,0730,1031,,-22.0,,
332,16101711461449,1146,1449,2.87860917581,-22.0,4.22016233267,1.79946039054
333,16101715101711,1510,1711,7.41905539039,-22.0,9.424112729,5.66203524187
334,16101810551415,1055,1415,1.80761048448,-22.0,2.905684991,0.98393597795
335,16101810551610,1055,1610,1.34002277889,-22.0,1.96112411684,0.843365885391
336,16101814151610,1415,1610,4.26375638697,-22.0,6.09727526869,2.76428967916
337,16101810451352,1045,1352,2.8263241573,-22.0,3.44128875393,2.27412173685
338,16101814001615,1400,1615,3.12533398686,-22.0,3.85205828141,2.47749718481
339,16101910041304,1004,1304,,-22.0,nan,nan
340,16101913201621,1320,1621,2.11885705737,-22.0,2.72935841147,1.59661380952
341,16102011451335,1145,1335,,-22.0,,
342,16102013451600,1345,1600,,-22.0,,
343,16102114421636,1442,1636,3.51459938119,-22.0,5.23080044656,2.14225796494
344,16102111421636,1142,1636,6.69174964295,-22.0,8.24702106727,5.3084080432
345,16102114421636,1442,1636,11.61618111,-22.0,14.330796359,9.19716450671
346,16102412051537,1205,1537,4.64277533088,-22.0,6.40953930417,3.1780239362
347,16102711491558,1149,1558,8.09169676621,-22.0,9.58529087872,6.72848106876
348,16102711491558,1149,1558,2.5069751976,-22.0,3.28691473033,1.83417533467
349,16102711491558,1149,1558,7.31028692754,-22.0,8.83759675423,5.93423310526
350,16103110171730,1017,1730,0.813598499136,-22.0,1.15446653414,0.534628525249
351,16103110171730,1017,1730,2.00080984989,-22.0,2.69654658539,1.41069282185
352,16110111101410,1110,1410,,-22.0,,
353,16110210291529,1029,1529,1.68501093004,-22.0,2.33264778964,1.14776487503
354,16092612001500,1200,1500,1.20614479757,-21.0,1.9826159796,0.63891108832
355,16092612111512,1211,1512,0.934407527557,-21.0,1.29051809866,0.638245858816
356,16092710571426,1057,1426,0.783266989424,-21.0,1.0897614246,0.529688437606
357,16092812351535,1235,1535,0.841389484042,-21.0,1.57399985025,0.345914920307
358,16092813341540,1334,1540,,-21.0,,
359,16093010191319,1019,1319,2.03906101156,-21.0,3.08833408517,1.20756571573
360,16093011201355,1120,1355,1.51623474949,-21.0,1.98225490473,1.11530682067
361,16093014211621,1421,1621,2.11002836591,-21.0,2.75241609153,1.55980247048
362,16100310261327,1026,1327,,-21.0,,
363,16100310201359,1020,1359,0.691069024201,-21.0,1.40624659702,0.249978209373
364,16100310321335,1032,1335,0.798298275943,-21.0,1.13109187308,0.524427816134
365,16100313351636,1335,1636,4.1505707169,-21.0,5.02753011676,3.36227992612
366,16100313471623,1347,1623,,-21.0,,
367,16100410331320,1033,1320,3.12978239695,-21.0,4.62001631738,1.94626304737
368,16100511161218,1116,1218,1.76224325648,-21.0,3.62888445691,0.616082176091
369,16100513391439,1339,1439,19.6991879772,-21.0,25.3915112311,14.8071980567
370,16100511161559,1116,1559,,-21.0,,
371,16100614241654,1424,1654,1.52097551819,-21.0,2.51377170916,0.794957105004
372,16100611401410,1140,1410,0.377768348528,-21.0,0.596990455302,0.209767575088
373,16100614241654,1424,1654,,-21.0,,
374,16100611391413,1139,1413,5.82419370393,-21.0,6.84055916801,4.90118697692
375,16100614201658,1420,1658,,-21.0,,
376,16100710411241,1041,1241,3.72738109185,-21.0,5.65250451408,2.22348573981
377,16100713021502,1302,1502,1.14222048414,-21.0,2.28600938846,0.398598246495
378,16100713021502,1302,1502,1.40272137674,-21.0,2.4384410277,0.680857934931
379,16100711211306,1121,1306,,-21.0,,
380,16101012391339,1239,1339,3.53629189789,-21.0,6.3880987833,1.59915167915
381,16101013501636,1350,1636,1.14775924605,-21.0,1.99598132102,0.5406014281
382,16101011291636,1129,1636,0.758778945184,-21.0,1.26601572517,0.387556893986
383,16101110401403,1040,1403,0.689325704157,-21.0,1.27214569442,0.29574709321
384,16101114101624,1410,1624,19.8732668081,-21.0,23.3747181317,16.6768011942
385,16101110401403,1040,1403,1.73290571237,-21.0,2.59155867626,1.05978351251
386,16101114101624,1410,1624,1.15062977137,-21.0,2.09731399397,0.490632115946
387,16101310391442,1039,1442,2.52404803553,-21.0,3.60893245595,1.63677678383
388,16101310411442,1041,1442,1.58561118198,-21.0,2.45320964579,0.917265830215
389,16101410391219,1039,1219,6.13224368132,-21.0,8.31788378957,4.28960357307
390,16101407301031,0730,1031,,-21.0,,
391,16101711461449,1146,1449,1.55923465711,-21.0,2.54541161699,0.835462068812
392,16101715101711,1510,1711,6.44515939592,-21.0,8.33166230266,4.80669367925
393,16101810551415,1055,1415,0.866101513224,-21.0,1.65367791612,0.352925110327
394,16101810551610,1055,1610,0.712265411424,-21.0,1.17492279842,0.374052468878
395,16101814151610,1415,1610,2.85463571741,-21.0,4.34427325818,1.69905035056
396,16101810451352,1045,1352,2.2525755681,-21.0,2.80035435636,1.76755895602
397,16101814001615,1400,1615,2.18478615875,-21.0,2.79910184476,1.64935796524
398,16101910041304,1004,1304,,-21.0,nan,nan
399,16101913201621,1320,1621,1.3123331162,-21.0,1.82451930611,0.88840503255
400,16102011451335,1145,1335,,-21.0,,
401,16102013451600,1345,1600,,-21.0,,
402,16102114421636,1442,1636,2.01854424445,-21.0,3.36393005327,1.01701808474
403,16102111421636,1142,1636,3.09583130029,-21.0,4.18762567592,2.17596674922
404,16102114421636,1442,1636,8.17098786287,-21.0,10.4882427544,6.14933161707
405,16102412051537,1205,1537,2.84768519423,-21.0,4.27081021765,1.72657274942
406,16102711491558,1149,1558,7.92162683585,-21.0,9.41522094836,6.5584111384
407,16102711491558,1149,1558,0.97243722805,-21.0,1.47438135092,0.577632774969
408,16102711491558,1149,1558,4.99872434689,-21.0,6.2936858364,3.85501886178
409,16103110171730,1017,1730,0.58262697968,-21.0,0.879328779053,0.347823241428
410,16103110171730,1017,1730,0.930175001882,-21.0,1.40805798435,0.55791172688
411,16110111101410,1110,1410,,-21.0,,
412,16110210291529,1029,1529,0.636204975513,-21.0,1.06459002222,0.318210733406
413,16092612001500,1200,1500,0.611233990697,-20.0,1.20563736025,0.22606809392
414,16092612111512,1211,1512,0.391435726115,-20.0,0.636202504347,0.206617850245
415,16092710571426,1057,1426,0.568175150436,-20.0,0.839625155494,0.349641028739
416,16092812351535,1235,1535,0.470312666741,-20.0,1.01524347996,0.162517655987
417,16092813341540,1334,1540,,-20.0,,
418,16093010191319,1019,1319,0.685755322066,-20.0,1.30497707475,0.284311347156
419,16093011201355,1120,1355,0.835423447447,-20.0,1.18728301809,0.548656103215
420,16093014211621,1421,1621,1.00705006718,-20.0,1.47982549265,0.626436471887
421,16100310261327,1026,1327,,-20.0,,
422,16100310201359,1020,1359,,-20.0,,
423,16100310321335,1032,1335,0.512892247358,-20.0,0.781341326227,0.30336630582
424,16100313351636,1335,1636,1.76639659062,-20.0,2.36439240084,1.25706938948
425,16100313471623,1347,1623,,-20.0,,
426,16100410331320,1033,1320,2.80412882729,-20.0,4.23916693389,1.67580529155
427,16100511161218,1116,1218,,-20.0,,
428,16100513391439,1339,1439,11.0676789422,-20.0,15.6139297003,7.32176151754
429,16100511161559,1116,1559,11.3741195225,-20.0,13.0848547605,9.7991298675
430,16100614241654,1424,1654,0.698731424532,-20.0,1.38844997342,0.27579065342
431,16100611401410,1140,1410,0.163270062493,-20.0,0.308844124606,0.0689173337123
432,16100614241654,1424,1654,7.24584073717,-20.0,9.52277003873,5.28904476896
433,16100611391413,1139,1413,1.32387751675,-20.0,1.85419683684,0.886916933732
434,16100614201658,1420,1658,3.91811915961,-20.0,4.76661826664,3.15839588159
435,16100710411241,1041,1241,1.60571116829,-20.0,2.91471912243,0.717931284331
436,16100713021502,1302,1502,,-20.0,,
437,16100713021502,1302,1502,0.835896750493,-20.0,1.64647049282,0.339179217318
438,16100711211306,1121,1306,,-20.0,,
439,16101012391339,1239,1339,1.93144905836,-20.0,4.04171165497,0.735853128423
440,16101013501636,1350,1636,0.430920075506,-20.0,0.984401332167,0.118503075873
441,16101011291636,1129,1636,0.502459231274,-20.0,0.889781045397,0.251152145943
442,16101110401403,1040,1403,0.448020284775,-20.0,0.936925894101,0.14835605476
443,16101114101624,1410,1624,15.824609506,-20.0,19.0381210322,12.9160836895
444,16101110401403,1040,1403,0.679138876423,-20.0,1.25021834965,0.293590167219
445,16101114101624,1410,1624,1.05190479584,-20.0,1.93483358705,0.455662571794
446,16101310391442,1039,1442,1.34299405374,-20.0,2.16501453832,0.718586737892
447,16101310411442,1041,1442,0.855189985536,-20.0,1.51881750001,0.390815583093
448,16101410391219,1039,1219,3.9443259278,-20.0,5.74679850351,2.48485335208
449,16101407301031,0730,1031,,-20.0,,
450,16101711461449,1146,1449,1.07223142066,-20.0,1.94618896704,0.460678245858
451,16101715101711,1510,1711,5.77534372705,-20.0,7.58511339427,4.21361124991
452,16101810551415,1055,1415,0.448060793448,-20.0,0.987079573575,0.18344201332
453,16101810551610,1055,1610,0.34954431258,-20.0,0.703385314115,0.120147755488
454,16101814151610,1415,1610,2.66249704849,-20.0,4.15213458926,1.50691168164
455,16101810451352,1045,1352,2.13815195018,-20.0,2.68593073844,1.6531353381
456,16101814001615,1400,1615,1.16045274732,-20.0,1.61501462748,0.784778359662
457,16101910041304,1004,1304,21.65246903,-20.0,24.5157427806,18.9721286128
458,16101913201621,1320,1621,1.08396487523,-20.0,1.56006770037,0.696120156348
459,16102011451335,1145,1335,,-20.0,,
460,16102013451600,1345,1600,,-20.0,,
461,16102114421636,1442,1636,1.30157059988,-20.0,2.36118428328,0.585816565615
462,16102111421636,1142,1636,2.59709311977,-20.0,3.61790292448,1.74821313962
463,16102114421636,1442,1636,6.99142668029,-20.0,9.15683078031,5.121621226
464,16102412051537,1205,1537,1.59207378954,-20.0,2.68312569028,0.803034467413
465,16102711491558,1149,1558,7.09048972046,-20.0,8.49595971485,5.81539814114
466,16102711491558,1149,1558,0.6710730913,-20.0,1.10236519978,0.346920652607
467,16102711491558,1149,1558,3.60771216404,-20.0,4.72160383874,2.64507649375
468,16103110171730,1017,1730,0.403132608583,-20.0,0.650770789409,0.217392488876
469,16103110171730,1017,1730,0.339819029836,-20.0,0.641297189598,0.143960577541
470,16110111101410,1110,1410,,-20.0,,
471,16110210291529,1029,1529,0.183828728331,-20.0,0.436724853078,0.0413234081823
472,16092612001500,1200,1500,0.493593144933,-19.0,1.03397563982,0.162448122816
473,16092612111512,1211,1512,0.32250257774,-19.0,0.544595420198,0.160358637645
474,16092710571426,1057,1426,0.501649646231,-19.0,0.755255676914,0.300959498908
475,16092812351535,1235,1535,0.395937507546,-19.0,0.940868320769,0.0881424967926
476,16092813341540,1334,1540,,-19.0,,
477,16093010191319,1019,1319,,-19.0,,
478,16093011201355,1120,1355,0.317892334254,-19.0,0.545450227731,0.155426667189
479,16093014211621,1421,1621,0.484225055998,-19.0,0.825939245977,0.234672696205
480,16100310261327,1026,1327,,-19.0,,
481,16100310201359,1020,1359,,-19.0,,
482,16100310321335,1032,1335,0.451917505175,-19.0,0.71058067782,0.252177469862
483,16100313351636,1335,1636,1.01422116711,-19.0,1.47938552851,0.637725414786
484,16100313471623,1347,1623,,-19.0,,
485,16100410331320,1033,1320,1.78850142527,-19.0,2.93361910224,0.950098319162
486,16100511161218,1116,1218,,-19.0,,
487,16100513391439,1339,1439,8.91275678128,-19.0,13.0044939097,5.6213529862
488,16100511161559,1116,1559,3.38277514977,-19.0,4.38821271269,2.51308316988
489,16100614241654,1424,1654,,-19.0,,
490,16100611401410,1140,1410,0.128113351653,-19.0,0.260443803244,0.047004233396
491,16100614241654,1424,1654,0.576824806023,-19.0,1.31375758243,0.16002536295
492,16100611391413,1139,1413,0.607235683952,-19.0,0.97707333208,0.330756772896
493,16100614201658,1420,1658,2.09633005492,-19.0,2.74198415083,1.53945178803
494,16100710411241,1041,1241,1.31430635449,-19.0,2.52012778579,0.529712993372
495,16100713021502,1302,1502,,-19.0,,
496,16100713021502,1302,1502,0.778820834302,-19.0,1.58939457663,0.282103301127
497,16100711211306,1121,1306,,-19.0,,
498,16101012391339,1239,1339,1.3225823189,-19.0,3.11931158599,0.440519718477
499,16101013501636,1350,1636,,-19.0,,
500,16101011291636,1129,1636,0.431939580733,-19.0,0.819261394856,0.180632495402
501,16101110401403,1040,1403,0.382943086122,-19.0,0.817215680242,0.137911871312
502,16101114101624,1410,1624,13.771093613,-19.0,16.76265307,11.0845198657
503,16101110401403,1040,1403,0.484754086303,-19.0,0.963910978318,0.191127958317
504,16101114101624,1410,1624,0.973565266689,-19.0,1.8564940579,0.377323042644
505,16101310391442,1039,1442,0.849780199296,-19.0,1.50794575892,0.389227808396
506,16101310411442,1041,1442,0.437180562896,-19.0,0.895852415432,0.177761822394
507,16101410391219,1039,1219,3.14742737542,-19.0,4.7813938608,1.85646089004
508,16101407301031,0730,1031,,-19.0,,
509,16101711461449,1146,1449,0.682313827765,-19.0,1.36320106894,0.263830958166
510,16101715101711,1510,1711,4.84992701532,-19.0,6.50980731307,3.43808390765
511,16101810551415,1055,1415,,-19.0,,
512,16101810551610,1055,1610,,-19.0,,
513,16101814151610,1415,1610,2.16781981057,-19.0,3.53628747516,1.13340431989
514,16101810451352,1045,1352,1.82185359269,-19.0,2.32750935567,1.3789600059
515,16101814001615,1400,1615,0.721717454945,-19.0,1.08521362699,0.437108775405
516,16101910041304,1004,1304,17.6613347888,-19.0,20.2899167574,15.2156861535
517,16101913201621,1320,1621,0.985728546167,-19.0,1.44413347481,0.615581723784
518,16102011451335,1145,1335,,-19.0,,
519,16102013451600,1345,1600,,-19.0,,
520,16102114421636,1442,1636,1.08468124336,-19.0,2.06239980023,0.450822335604
521,16102111421636,1142,1636,2.38912221138,-19.0,3.3754750716,1.57469917572
522,16102114421636,1442,1636,6.64720783917,-19.0,8.7635116494,4.82650267467
523,16102412051537,1205,1537,0.421932411949,-19.0,1.01630399449,0.129573408023
524,16102711491558,1149,1558,6.43350643108,-19.0,7.78577754947,5.21161372776
525,16102711491558,1149,1558,0.219205442243,-19.0,0.464152090312,0.0813984639654
526,16102711491558,1149,1558,3.15458136664,-19.0,4.18716450942,2.27325422827
527,16103110171730,1017,1730,0.335095482316,-19.0,0.560788298335,0.171300727417
528,16103110171730,1017,1730,,-19.0,,
529,16110111101410,1110,1410,,-19.0,,
530,16110210291529,1029,1529,,-19.0,,
531,16092612001500,1200,1500,,-18.0,,
532,16092612111512,1211,1512,0.209064824233,-18.0,0.393402805587,0.0846757452407
533,16092710571426,1057,1426,0.457684494032,-18.0,0.702209223185,0.266075648239
534,16092812351535,1235,1535,,-18.0,,
535,16092813341540,1334,1540,,-18.0,,
536,16093010191319,1019,1319,,-18.0,,
537,16093011201355,1120,1355,0.140543469736,-18.0,0.289691986716,0.0564871791687
538,16093014211621,1421,1621,0.377983951505,-18.0,0.661516977424,0.186612755773
539,16100310261327,1026,1327,,-18.0,,
540,16100310201359,1020,1359,,-18.0,,
541,16100310321335,1032,1335,0.288789188457,-18.0,0.494019425714,0.142482088533
542,16100313351636,1335,1636,0.561755310199,-18.0,0.911334861813,0.30084436766
543,16100313471623,1347,1623,,-18.0,,
544,16100410331320,1033,1320,1.34267181867,-18.0,2.35931768356,0.632740524645
545,16100511161218,1116,1218,,-18.0,,
546,16100513391439,1339,1439,4.37431886365,-18.0,7.38215859128,2.16681246935
547,16100511161559,1116,1559,0.989567489012,-18.0,1.54565858946,0.569221971599
548,16100614241654,1424,1654,,-18.0,,
549,16100611401410,1140,1410,0.0948528202637,-18.0,0.212395935739,0.0285310381218
550,16100614241654,1424,1654,,-18.0,,
551,16100611391413,1139,1413,,-18.0,,
552,16100614201658,1420,1658,1.03899549898,-18.0,1.49135497877,0.675411848216
553,16100710411241,1041,1241,1.15608843662,-18.0,2.25036303655,0.483041906864
554,16100713021502,1302,1502,,-18.0,,
555,16100713021502,1302,1502,0.72174491811,-18.0,1.53231866044,0.225027384935
556,16100711211306,1121,1306,6.81857170483,-18.0,8.49487118143,5.33788101067
557,16101012391339,1239,1339,,-18.0,,
558,16101013501636,1350,1636,,-18.0,,
559,16101011291636,1129,1636,0.363852638693,-18.0,0.715777476766,0.147942529412
560,16101110401403,1040,1403,0.335005575878,-18.0,0.769278169998,0.0899743610679
561,16101114101624,1410,1624,12.112115064,-18.0,14.9187639112,9.61045192668
562,16101110401403,1040,1403,0.367395942013,-18.0,0.793050340942,0.127272307113
563,16101114101624,1410,1624,0.597135328927,-18.0,1.25502590061,0.225931324401
564,16101310391442,1039,1442,0.610512612713,-18.0,1.17534663954,0.243291754616
565,16101310411442,1041,1442,0.398901542836,-18.0,0.857573395372,0.139482802334
566,16101410391219,1039,1219,2.45419375007,-18.0,3.91191756798,1.33946993216
567,16101407301031,0730,1031,,-18.0,,
568,16101711461449,1146,1449,0.510782131318,-18.0,1.11482539066,0.169143243553
569,16101715101711,1510,1711,4.38653858932,-18.0,5.97247613236,3.04863823636
570,16101810551415,1055,1415,,-18.0,,
571,16101810551610,1055,1610,,-18.0,,
572,16101814151610,1415,1610,1.45241612984,-18.0,2.55550905008,0.68337538351
573,16101810451352,1045,1352,1.4861220134,-18.0,1.9418737073,1.0931324957
574,16101814001615,1400,1615,0.473127914301,-18.0,0.780265272739,0.244878048367
575,16101910041304,1004,1304,11.579384598,-18.0,13.6972657023,9.64443682699
576,16101913201621,1320,1621,0.758925641633,-18.0,1.16473992064,0.441369468881
577,16102011451335,1145,1335,,-18.0,,
578,16102013451600,1345,1600,,-18.0,,
579,16102114421636,1442,1636,0.788157536526,-18.0,1.57744839657,0.342726325605
580,16102111421636,1142,1636,2.28207220923,-18.0,3.23447021161,1.50160403141
581,16102114421636,1442,1636,5.8481468754,-18.0,7.82039583657,4.17149655996
582,16102412051537,1205,1537,,-18.0,,
583,16102711491558,1149,1558,4.4842186355,-18.0,5.58988374136,3.5089319447
584,16102711491558,1149,1558,,-18.0,,
585,16102711491558,1149,1558,2.94322480287,-18.0,3.94953437628,2.08817123386
586,16103110171730,1017,1730,0.318087276783,-18.0,0.543780092802,0.154292521884
587,16103110171730,1017,1730,,-18.0,,
588,16110111101410,1110,1410,,-18.0,,
589,16110210291529,1029,1529,,-18.0,,
590,16092612001500,1200,1500,,-17.0,,
591,16092612111512,1211,1512,0.171879789822,-17.0,0.342041965736,0.0616665162694
592,16092710571426,1057,1426,0.334721074521,-17.0,0.541122423345,0.181235609058
593,16092812351535,1235,1535,,-17.0,,
594,16092813341540,1334,1540,7.08875026264,-17.0,8.26418564678,6.01042562157
595,16093010191319,1019,1319,,-17.0,,
596,16093011201355,1120,1355,0.121540254084,-17.0,0.270688771064,0.0374839635166
597,16093014211621,1421,1621,0.308666706977,-17.0,0.592199732896,0.117295511245
598,16100310261327,1026,1327,,-17.0,,
599,16100310201359,1020,1359,,-17.0,,
600,16100310321335,1032,1335,0.269352106393,-17.0,0.47458234365,0.123045006469
601,16100313351636,1335,1636,0.444151495874,-17.0,0.757673772362,0.21929782846
602,16100313471623,1347,1623,,-17.0,nan,nan
603,16100410331320,1033,1320,0.689787566313,-17.0,1.48371558336,0.202574120125
604,16100511161218,1116,1218,,-17.0,,
605,16100513391439,1339,1439,3.28410114412,-17.0,5.9496716606,1.41886396098
606,16100511161559,1116,1559,0.454246621747,-17.0,0.87231184444,0.171926982093
607,16100614241654,1424,1654,,-17.0,,
608,16100611401410,1140,1410,,-17.0,,
609,16100614241654,1424,1654,,-17.0,,
610,16100611391413,1139,1413,,-17.0,,
611,16100614201658,1420,1658,0.585392110864,-17.0,0.936482595912,0.323077454831
612,16100710411241,1041,1241,0.628651928191,-17.0,1.45536432225,0.22316760431
613,16100713021502,1302,1502,,-17.0,,
614,16100713021502,1302,1502,0.634306275941,-17.0,1.35437163413,0.228097126902
615,16100711211306,1121,1306,1.03434464319,-17.0,1.69864613205,0.565651936783
616,16101012391339,1239,1339,,-17.0,,
617,16101013501636,1350,1636,,-17.0,,
618,16101011291636,1129,1636,0.306136717111,-17.0,0.658061555184,0.0902266078301
619,16101110401403,1040,1403,,-17.0,,
620,16101114101624,1410,1624,7.77587228541,-17.0,10.0799019612,5.7768283194
621,16101110401403,1040,1403,,-17.0,,
622,16101114101624,1410,1624,0.535878050754,-17.0,1.19376862244,0.164674046228
623,16101310391442,1039,1442,0.410571556677,-17.0,0.865468332237,0.153287949841
624,16101310411442,1041,1442,0.360622522776,-17.0,0.819294375312,0.101203782274
625,16101410391219,1039,1219,1.88294822638,-17.0,3.1507602489,0.958136203863
626,16101407301031,0730,1031,16.0164724636,-17.0,18.7101797074,13.5393398054
627,16101711461449,1146,1449,0.431564580828,-17.0,1.03560784017,0.0899256930627
628,16101715101711,1510,1711,2.04016593332,-17.0,3.12900962743,1.1993594293
629,16101810551415,1055,1415,,-17.0,,
630,16101810551610,1055,1610,,-17.0,,
631,16101814151610,1415,1610,0.933943500465,-17.0,1.88333955773,0.318599617115
632,16101810451352,1045,1352,1.08560508271,-17.0,1.48474200678,0.749230334819
633,16101814001615,1400,1615,0.398934256038,-17.0,0.675244416043,0.201511588538
634,16101910041304,1004,1304,4.03809323362,-17.0,5.32401292702,2.93510687356
635,16101913201621,1320,1621,0.328332267727,-17.0,0.603188517582,0.141734124127
636,16102011451335,1145,1335,,-17.0,,
637,16102013451600,1345,1600,,-17.0,,
638,16102114421636,1442,1636,,-17.0,,
639,16102111421636,1142,1636,2.18877435484,-17.0,3.14117235722,1.40830617702
640,16102114421636,1442,1636,5.51204934806,-17.0,7.43708539999,3.88261194187
641,16102412051537,1205,1537,,-17.0,,
642,16102711491558,1149,1558,1.2114603179,-17.0,1.80200498717,0.751294063695
643,16102711491558,1149,1558,,-17.0,,
644,16102711491558,1149,1558,2.68457067942,-17.0,3.63921382833,1.88118353491
645,16103110171730,1017,1730,0.254740619778,-17.0,0.4563578542,0.115021446478
646,16103110171730,1017,1730,,-17.0,,
647,16110111101410,1110,1410,,-17.0,,
648,16110210291529,1029,1529,,-17.0,,
649,16092612001500,1200,1500,,-16.0,,
650,16092612111512,1211,1512,0.139012841146,-16.0,0.293739830815,0.0442347538398
651,16092710571426,1057,1426,0.200539525882,-16.0,0.363333607749,0.090661327375
652,16092812351535,1235,1535,,-16.0,,
653,16092813341540,1334,1540,5.13601237333,-16.0,6.15922914102,4.2099063487
654,16093010191319,1019,1319,,-16.0,,
655,16093011201355,1120,1355,,-16.0,,
656,16093014211621,1421,1621,0.174679897925,-16.0,0.386073243081,0.0554483829549
657,16100310261327,1026,1327,,-16.0,,
658,16100310201359,1020,1359,,-16.0,,
659,16100310321335,1032,1335,0.23887093374,-16.0,0.432038166369,0.104626838442
660,16100313351636,1335,1636,0.295193335692,-16.0,0.548126437726,0.130928842733
661,16100313471623,1347,1623,2.60429912724,-16.0,3.84238019424,1.61198294072
662,16100410331320,1033,1320,,-16.0,,
663,16100511161218,1116,1218,,-16.0,,
664,16100513391439,1339,1439,2.2868724948,-16.0,4.57445030343,0.799628019503
665,16100511161559,1116,1559,,-16.0,,
666,16100614241654,1424,1654,,-16.0,,
667,16100611401410,1140,1410,,-16.0,,
668,16100614241654,1424,1654,,-16.0,,
669,16100611391413,1139,1413,,-16.0,,
670,16100614201658,1420,1658,0.201940978606,-16.0,0.432173025369,0.0604847608581
671,16100710411241,1041,1241,,-16.0,,
672,16100713021502,1302,1502,,-16.0,,
673,16100713021502,1302,1502,,-16.0,,
674,16100711211306,1121,1306,0.568363569459,-16.0,1.13460888992,0.197727031432
675,16101012391339,1239,1339,,-16.0,,
676,16101013501636,1350,1636,,-16.0,,
677,16101011291636,1129,1636,0.229360111246,-16.0,0.541824029296,0.052910921989
678,16101110401403,1040,1403,,-16.0,,
679,16101114101624,1410,1624,0.61309797283,-16.0,1.31353457714,0.217647078268
680,16101110401403,1040,1403,,-16.0,,
681,16101114101624,1410,1624,0.474620772581,-16.0,1.13251134427,0.103416768056
682,16101310391442,1039,1442,0.333868849059,-16.0,0.788765624619,0.0765852422238
683,16101310411442,1041,1442,,-16.0,,
684,16101410391219,1039,1219,0.810121804584,-16.0,1.69463000158,0.268613607594
685,16101407301031,0730,1031,1.59735954543,-16.0,2.52553982235,0.885753854149
686,16101711461449,1146,1449,,-16.0,,
687,16101715101711,1510,1711,0.859657490286,-16.0,1.61895827098,0.348393899675
688,16101810551415,1055,1415,,-16.0,,
689,16101810551610,1055,1610,,-16.0,,
690,16101814151610,1415,1610,,-16.0,,
691,16101810451352,1045,1352,0.226462921044,-16.0,0.41986642405,0.0958215942218
692,16101814001615,1400,1615,0.378103262073,-16.0,0.654413422078,0.180680594573
693,16101910041304,1004,1304,1.92462754906,-16.0,2.83984710931,1.19234132214
694,16101913201621,1320,1621,0.281247515855,-16.0,0.534328536084,0.116424601882
695,16102011451335,1145,1335,,-16.0,,
696,16102013451600,1345,1600,,-16.0,,
697,16102114421636,1442,1636,,-16.0,,
698,16102111421636,1142,1636,2.10317865641,-16.0,3.02199516418,1.35629197319
699,16102114421636,1442,1636,4.81500664066,-16.0,6.64635682374,3.27925510331
700,16102412051537,1205,1537,,-16.0,,
701,16102711491558,1149,1558,0.326979088387,-16.0,0.66211316752,0.122223424323
702,16102711491558,1149,1558,,-16.0,,
703,16102711491558,1149,1558,2.59989605246,-16.0,3.55453920137,1.79650890795
704,16103110171730,1017,1730,0.177588859112,-16.0,0.351890917212,0.0651848621327
705,16103110171730,1017,1730,,-16.0,,
706,16110111101410,1110,1410,,-16.0,,
707,16110210291529,1029,1529,,-16.0,,
708,16092612001500,1200,1500,,-15.0,,
709,16092612111512,1211,1512,,-15.0,,
710,16092710571426,1057,1426,0.163256850787,-15.0,0.313517141157,0.0659124437763
711,16092812351535,1235,1535,,-15.0,,
712,16092813341540,1334,1540,3.29577463209,-15.0,4.13810019173,2.55055981551
713,16093010191319,1019,1319,,-15.0,,
714,16093011201355,1120,1355,,-15.0,,
715,16093014211621,1421,1621,,-15.0,,
716,16100310261327,1026,1327,,-15.0,,
717,16100310201359,1020,1359,,-15.0,,
718,16100310321335,1032,1335,0.198679297764,-15.0,0.379057023226,0.0772247096348
719,16100313351636,1335,1636,,-15.0,,
720,16100313471623,1347,1623,1.19877681005,-15.0,2.06831901472,0.574999485871
721,16100410331320,1033,1320,,-15.0,,
722,16100511161218,1116,1218,,-15.0,,
723,16100513391439,1339,1439,,-15.0,,
724,16100511161559,1116,1559,,-15.0,,
725,16100614241654,1424,1654,,-15.0,,
726,16100611401410,1140,1410,,-15.0,,
727,16100614241654,1424,1654,,-15.0,,
728,16100611391413,1139,1413,,-15.0,,
729,16100614201658,1420,1658,,-15.0,,
730,16100710411241,1041,1241,,-15.0,,
731,16100713021502,1302,1502,,-15.0,,
732,16100713021502,1302,1502,,-15.0,,
733,16100711211306,1121,1306,0.350915431418,-15.0,0.804278445255,0.0931612000145
734,16101012391339,1239,1339,,-15.0,,
735,16101013501636,1350,1636,,-15.0,,
736,16101011291636,1129,1636,,-15.0,,
737,16101110401403,1040,1403,,-15.0,,
738,16101114101624,1410,1624,,-15.0,,
739,16101110401403,1040,1403,,-15.0,,
740,16101114101624,1410,1624,,-15.0,,
741,16101310391442,1039,1442,,-15.0,,
742,16101310411442,1041,1442,,-15.0,,
743,16101410391219,1039,1219,0.682469890858,-15.0,1.4685511072,0.23938867452
744,16101407301031,0730,1031,1.173522114,-15.0,1.97869933445,0.584919479186
745,16101711461449,1146,1449,,-15.0,,
746,16101715101711,1510,1711,,-15.0,,
747,16101810551415,1055,1415,,-15.0,,
748,16101810551610,1055,1610,,-15.0,,
749,16101814151610,1415,1610,,-15.0,,
750,16101810451352,1045,1352,0.161840408522,-15.0,0.324043921808,0.0623990714184
751,16101814001615,1400,1615,0.357272268107,-15.0,0.633582428112,0.159849600607
752,16101910041304,1004,1304,0.917475852507,-15.0,1.55301293261,0.464872105741
753,16101913201621,1320,1621,0.251769638656,-15.0,0.504850658885,0.086946724683
754,16102011451335,1145,1335,,-15.0,,
755,16102013451600,1345,1600,,-15.0,,
756,16102114421636,1442,1636,,-15.0,,
757,16102111421636,1142,1636,2.01807458494,-15.0,2.93689109271,1.27118790172
758,16102114421636,1442,1636,3.90670414151,-15.0,5.55150652062,2.55750040814
759,16102412051537,1205,1537,,-15.0,,
760,16102711491558,1149,1558,0.287377067544,-15.0,0.622511146677,0.0826214034793
761,16102711491558,1149,1558,,-15.0,,
762,16102711491558,1149,1558,2.32029164216,-15.0,3.22408121375,1.56775807499
763,16103110171730,1017,1730,,-15.0,,
764,16103110171730,1017,1730,,-15.0,,
765,16110111101410,1110,1410,,-15.0,,
766,16110210291529,1029,1529,,-15.0,,
767,16092612001500,1200,1500,,-14.0,,
768,16092612111512,1211,1512,,-14.0,,
769,16092710571426,1057,1426,0.114188090601,-14.0,0.235562260068,0.0457298044936
770,16092812351535,1235,1535,,-14.0,,
771,16092813341540,1334,1540,1.50315705583,-14.0,2.09146946926,1.01195538546
772,16093010191319,1019,1319,,-14.0,,
773,16093011201355,1120,1355,,-14.0,,
774,16093014211621,1421,1621,,-14.0,,
775,16100310261327,1026,1327,,-14.0,,
776,16100310201359,1020,1359,,-14.0,,
777,16100310321335,1032,1335,0.130243023097,-14.0,0.281901235769,0.0375079477565
778,16100313351636,1335,1636,,-14.0,,
779,16100313471623,1347,1623,,-14.0,,
780,16100410331320,1033,1320,,-14.0,,
781,16100511161218,1116,1218,,-14.0,,
782,16100513391439,1339,1439,,-14.0,,
783,16100511161559,1116,1559,,-14.0,,
784,16100614241654,1424,1654,,-14.0,,
785,16100611401410,1140,1410,,-14.0,,
786,16100614241654,1424,1654,,-14.0,,
787,16100611391413,1139,1413,,-14.0,,
788,16100614201658,1420,1658,,-14.0,,
789,16100710411241,1041,1241,,-14.0,,
790,16100713021502,1302,1502,,-14.0,,
791,16100713021502,1302,1502,,-14.0,,
792,16100711211306,1121,1306,0.235109223665,-14.0,0.620437385133,0.0453898446336
793,16101012391339,1239,1339,,-14.0,,
794,16101013501636,1350,1636,,-14.0,,
795,16101011291636,1129,1636,,-14.0,,
796,16101110401403,1040,1403,,-14.0,,
797,16101114101624,1410,1624,,-14.0,,
798,16101110401403,1040,1403,,-14.0,,
799,16101114101624,1410,1624,,-14.0,,
800,16101310391442,1039,1442,,-14.0,,
801,16101310411442,1041,1442,,-14.0,,
802,16101410391219,1039,1219,0.612696282907,-14.0,1.39877749925,0.169615066569
803,16101407301031,0730,1031,0.983825065575,-14.0,1.6994807386,0.48474397819
804,16101711461449,1146,1449,,-14.0,,
805,16101715101711,1510,1711,,-14.0,,
806,16101810551415,1055,1415,,-14.0,,
807,16101810551610,1055,1610,,-14.0,,
808,16101814151610,1415,1610,,-14.0,,
809,16101810451352,1045,1352,0.138012098306,-14.0,0.300215611592,0.0385707612025
810,16101814001615,1400,1615,0.197566346256,-14.0,0.401112300026,0.0729078849902
811,16101910041304,1004,1304,,-14.0,,
812,16101913201621,1320,1621,0.19421009615,-14.0,0.397731619069,0.0789466794859
813,16102011451335,1145,1335,,-14.0,,
814,16102013451600,1345,1600,,-14.0,,
815,16102114421636,1442,1636,,-14.0,,
816,16102111421636,1142,1636,1.86513710516,-14.0,2.7506221267,1.15158190818
817,16102114421636,1442,1636,3.55274877648,-14.0,5.10340619854,2.29769000017
818,16102412051537,1205,1537,,-14.0,,
819,16102711491558,1149,1558,,-14.0,,
820,16102711491558,1149,1558,,-14.0,,
821,16102711491558,1149,1558,1.49720124105,-14.0,2.22333710099,0.922321385533
822,16103110171730,1017,1730,,-14.0,,
823,16103110171730,1017,1730,,-14.0,,
824,16110111101410,1110,1410,,-14.0,,
825,16110210291529,1029,1529,,-14.0,,
826,16092612001500,1200,1500,,-13.0,,
827,16092612111512,1211,1512,,-13.0,,
828,16092710571426,1057,1426,,-13.0,,
829,16092812351535,1235,1535,,-13.0,,
830,16092813341540,1334,1540,0.485028535554,-13.0,0.827030861169,0.240136952992
831,16093010191319,1019,1319,,-13.0,,
832,16093011201355,1120,1355,,-13.0,,
833,16093014211621,1421,1621,,-13.0,,
834,16100310261327,1026,1327,,-13.0,,
835,16100310201359,1020,1359,,-13.0,,
836,16100310321335,1032,1335,,-13.0,,
837,16100313351636,1335,1636,,-13.0,,
838,16100313471623,1347,1623,,-13.0,,
839,16100410331320,1033,1320,,-13.0,,
840,16100511161218,1116,1218,,-13.0,,
841,16100513391439,1339,1439,,-13.0,,
842,16100511161559,1116,1559,,-13.0,,
843,16100614241654,1424,1654,,-13.0,,
844,16100611401410,1140,1410,,-13.0,,
845,16100614241654,1424,1654,,-13.0,,
846,16100611391413,1139,1413,,-13.0,,
847,16100614201658,1420,1658,,-13.0,,
848,16100710411241,1041,1241,,-13.0,,
849,16100713021502,1302,1502,,-13.0,,
850,16100713021502,1302,1502,,-13.0,,
851,16100711211306,1121,1306,,-13.0,,
852,16101012391339,1239,1339,,-13.0,,
853,16101013501636,1350,1636,,-13.0,,
854,16101011291636,1129,1636,,-13.0,,
855,16101110401403,1040,1403,,-13.0,,
856,16101114101624,1410,1624,,-13.0,,
857,16101110401403,1040,1403,,-13.0,,
858,16101114101624,1410,1624,,-13.0,,
859,16101310391442,1039,1442,,-13.0,,
860,16101310411442,1041,1442,,-13.0,,
861,16101410391219,1039,1219,,-13.0,,
862,16101407301031,0730,1031,0.886645763325,-13.0,1.60230143635,0.38756467594
863,16101711461449,1146,1449,,-13.0,,
864,16101715101711,1510,1711,,-13.0,,
865,16101810551415,1055,1415,,-13.0,,
866,16101810551610,1055,1610,,-13.0,,
867,16101814151610,1415,1610,,-13.0,,
868,16101810451352,1045,1352,,-13.0,,
869,16101814001615,1400,1615,,-13.0,,
870,16101910041304,1004,1304,,-13.0,,
871,16101913201621,1320,1621,0.130132179631,-13.0,0.303448545229,0.0450739202882
872,16102011451335,1145,1335,,-13.0,,
873,16102013451600,1345,1600,,-13.0,,
874,16102114421636,1442,1636,,-13.0,,
875,16102111421636,1142,1636,1.64684389846,-13.0,2.46592865955,0.999688961927
876,16102114421636,1442,1636,3.35461386874,-13.0,4.9052712908,2.09955509243
877,16102412051537,1205,1537,,-13.0,,
878,16102711491558,1149,1558,,-13.0,,
879,16102711491558,1149,1558,,-13.0,,
880,16102711491558,1149,1558,,-13.0,,
881,16103110171730,1017,1730,,-13.0,,
882,16103110171730,1017,1730,,-13.0,,
883,16110111101410,1110,1410,,-13.0,,
884,16110210291529,1029,1529,,-13.0,,
885,16092612001500,1200,1500,,-12.0,,
886,16092612111512,1211,1512,,-12.0,,
887,16092710571426,1057,1426,,-12.0,,
888,16092812351535,1235,1535,,-12.0,,
889,16092813341540,1334,1540,0.226705727229,-12.0,0.477869275961,0.0726529215481
890,16093010191319,1019,1319,,-12.0,,
891,16093011201355,1120,1355,,-12.0,,
892,16093014211621,1421,1621,,-12.0,,
893,16100310261327,1026,1327,,-12.0,,
894,16100310201359,1020,1359,,-12.0,,
895,16100310321335,1032,1335,,-12.0,,
896,16100313351636,1335,1636,,-12.0,,
897,16100313471623,1347,1623,,-12.0,,
898,16100410331320,1033,1320,,-12.0,,
899,16100511161218,1116,1218,,-12.0,,
900,16100513391439,1339,1439,,-12.0,,
901,16100511161559,1116,1559,,-12.0,,
902,16100614241654,1424,1654,,-12.0,,
903,16100611401410,1140,1410,,-12.0,,
904,16100614241654,1424,1654,,-12.0,,
905,16100611391413,1139,1413,,-12.0,,
906,16100614201658,1420,1658,,-12.0,,
907,16100710411241,1041,1241,,-12.0,,
908,16100713021502,1302,1502,,-12.0,,
909,16100713021502,1302,1502,,-12.0,,
910,16100711211306,1121,1306,,-12.0,,
911,16101012391339,1239,1339,,-12.0,,
912,16101013501636,1350,1636,,-12.0,,
913,16101011291636,1129,1636,,-12.0,,
914,16101110401403,1040,1403,,-12.0,,
915,16101114101624,1410,1624,,-12.0,,
916,16101110401403,1040,1403,,-12.0,,
917,16101114101624,1410,1624,,-12.0,,
918,16101310391442,1039,1442,,-12.0,,
919,16101310411442,1041,1442,,-12.0,,
920,16101410391219,1039,1219,,-12.0,,
921,16101407301031,0730,1031,0.53256484125,-12.0,1.09228346185,0.189420806289
922,16101711461449,1146,1449,,-12.0,,
923,16101715101711,1510,1711,,-12.0,,
924,16101810551415,1055,1415,,-12.0,,
925,16101810551610,1055,1610,,-12.0,,
926,16101814151610,1415,1610,,-12.0,,
927,16101810451352,1045,1352,,-12.0,,
928,16101814001615,1400,1615,,-12.0,,
929,16101910041304,1004,1304,,-12.0,,
930,16101913201621,1320,1621,,-12.0,,
931,16102011451335,1145,1335,,-12.0,,
932,16102013451600,1345,1600,,-12.0,,
933,16102114421636,1442,1636,,-12.0,,
934,16102111421636,1142,1636,1.3868317523,-12.0,2.13901548056,0.806577848594
935,16102114421636,1442,1636,2.76743047725,-12.0,4.17367775847,1.65678184177
936,16102412051537,1205,1537,,-12.0,,
937,16102711491558,1149,1558,,-12.0,,
938,16102711491558,1149,1558,,-12.0,,
939,16102711491558,1149,1558,,-12.0,,
940,16103110171730,1017,1730,,-12.0,,
941,16103110171730,1017,1730,,-12.0,,
942,16110111101410,1110,1410,,-12.0,,
943,16110210291529,1029,1529,,-12.0,,
944,16092612001500,1200,1500,,-11.0,,
945,16092612111512,1211,1512,,-11.0,,
946,16092710571426,1057,1426,,-11.0,,
947,16092812351535,1235,1535,,-11.0,,
948,16092813341540,1334,1540,,-11.0,,
949,16093010191319,1019,1319,,-11.0,,
950,16093011201355,1120,1355,,-11.0,,
951,16093014211621,1421,1621,,-11.0,,
952,16100310261327,1026,1327,,-11.0,,
953,16100310201359,1020,1359,,-11.0,,
954,16100310321335,1032,1335,,-11.0,,
955,16100313351636,1335,1636,,-11.0,,
956,16100313471623,1347,1623,,-11.0,,
957,16100410331320,1033,1320,,-11.0,,
958,16100511161218,1116,1218,,-11.0,,
959,16100513391439,1339,1439,,-11.0,,
960,16100511161559,1116,1559,,-11.0,,
961,16100614241654,1424,1654,,-11.0,,
962,16100611401410,1140,1410,,-11.0,,
963,16100614241654,1424,1654,,-11.0,,
964,16100611391413,1139,1413,,-11.0,,
965,16100614201658,1420,1658,,-11.0,,
966,16100710411241,1041,1241,,-11.0,,
967,16100713021502,1302,1502,,-11.0,,
968,16100713021502,1302,1502,,-11.0,,
969,16100711211306,1121,1306,,-11.0,,
970,16101012391339,1239,1339,,-11.0,,
971,16101013501636,1350,1636,,-11.0,,
972,16101011291636,1129,1636,,-11.0,,
973,16101110401403,1040,1403,,-11.0,,
974,16101114101624,1410,1624,,-11.0,,
975,16101110401403,1040,1403,,-11.0,,
976,16101114101624,1410,1624,,-11.0,,
977,16101310391442,1039,1442,,-11.0,,
978,16101310411442,1041,1442,,-11.0,,
979,16101410391219,1039,1219,,-11.0,,
980,16101407301031,0730,1031,,-11.0,,
981,16101711461449,1146,1449,,-11.0,,
982,16101715101711,1510,1711,,-11.0,,
983,16101810551415,1055,1415,,-11.0,,
984,16101810551610,1055,1610,,-11.0,,
985,16101814151610,1415,1610,,-11.0,,
986,16101810451352,1045,1352,,-11.0,,
987,16101814001615,1400,1615,,-11.0,,
988,16101910041304,1004,1304,,-11.0,,
989,16101913201621,1320,1621,,-11.0,,
990,16102011451335,1145,1335,,-11.0,,
991,16102013451600,1345,1600,,-11.0,,
992,16102114421636,1442,1636,,-11.0,,
993,16102111421636,1142,1636,0.941734531308,-11.0,1.58995298127,0.465445905911
994,16102114421636,1442,1636,2.02066098851,-11.0,3.22293505051,1.11398557224
995,16102412051537,1205,1537,,-11.0,,
996,16102711491558,1149,1558,,-11.0,,
997,16102711491558,1149,1558,,-11.0,,
998,16102711491558,1149,1558,,-11.0,,
999,16103110171730,1017,1730,,-11.0,,
1000,16103110171730,1017,1730,,-11.0,,
1001,16110111101410,1110,1410,,-11.0,,
1002,16110210291529,1029,1529,,-11.0,,
1003,16092612001500,1200,1500,,-10.0,,
1004,16092612111512,1211,1512,,-10.0,,
1005,16092710571426,1057,1426,,-10.0,,
1006,16092812351535,1235,1535,,-10.0,,
1007,16092813341540,1334,1540,,-10.0,,
1008,16093010191319,1019,1319,,-10.0,,
1009,16093011201355,1120,1355,,-10.0,,
1010,16093014211621,1421,1621,,-10.0,,
1011,16100310261327,1026,1327,,-10.0,,
1012,16100310201359,1020,1359,,-10.0,,
1013,16100310321335,1032,1335,,-10.0,,
1014,16100313351636,1335,1636,,-10.0,,
1015,16100313471623,1347,1623,,-10.0,,
1016,16100410331320,1033,1320,,-10.0,,
1017,16100511161218,1116,1218,,-10.0,,
1018,16100513391439,1339,1439,,-10.0,,
1019,16100511161559,1116,1559,,-10.0,,
1020,16100614241654,1424,1654,,-10.0,,
1021,16100611401410,1140,1410,,-10.0,,
1022,16100614241654,1424,1654,,-10.0,,
1023,16100611391413,1139,1413,,-10.0,,
1024,16100614201658,1420,1658,,-10.0,,
1025,16100710411241,1041,1241,,-10.0,,
1026,16100713021502,1302,1502,,-10.0,,
1027,16100713021502,1302,1502,,-10.0,,
1028,16100711211306,1121,1306,,-10.0,,
1029,16101012391339,1239,1339,,-10.0,,
1030,16101013501636,1350,1636,,-10.0,,
1031,16101011291636,1129,1636,,-10.0,,
1032,16101110401403,1040,1403,,-10.0,,
1033,16101114101624,1410,1624,,-10.0,,
1034,16101110401403,1040,1403,,-10.0,,
1035,16101114101624,1410,1624,,-10.0,,
1036,16101310391442,1039,1442,,-10.0,,
1037,16101310411442,1041,1442,,-10.0,,
1038,16101410391219,1039,1219,,-10.0,,
1039,16101407301031,0730,1031,,-10.0,,
1040,16101711461449,1146,1449,,-10.0,,
1041,16101715101711,1510,1711,,-10.0,,
1042,16101810551415,1055,1415,,-10.0,,
1043,16101810551610,1055,1610,,-10.0,,
1044,16101814151610,1415,1610,,-10.0,,
1045,16101810451352,1045,1352,,-10.0,,
1046,16101814001615,1400,1615,,-10.0,,
1047,16101910041304,1004,1304,,-10.0,,
1048,16101913201621,1320,1621,,-10.0,,
1049,16102011451335,1145,1335,,-10.0,,
1050,16102013451600,1345,1600,,-10.0,,
1051,16102114421636,1442,1636,,-10.0,,
1052,16102111421636,1142,1636,0.715015121805,-10.0,1.28896305943,0.312997008735
1053,16102114421636,1442,1636,1.71729087854,-10.0,2.86528371308,0.86489668975
1054,16102412051537,1205,1537,,-10.0,,
1055,16102711491558,1149,1558,,-10.0,,
1056,16102711491558,1149,1558,,-10.0,,
1057,16102711491558,1149,1558,,-10.0,,
1058,16103110171730,1017,1730,,-10.0,,
1059,16103110171730,1017,1730,,-10.0,,
1060,16110111101410,1110,1410,,-10.0,,
1061,16110210291529,1029,1529,,-10.0,,
1062,16092612001500,1200,1500,,-9.0,,
1063,16092612111512,1211,1512,,-9.0,,
1064,16092710571426,1057,1426,,-9.0,,
1065,16092812351535,1235,1535,,-9.0,,
1066,16092813341540,1334,1540,,-9.0,,
1067,16093010191319,1019,1319,,-9.0,,
1068,16093011201355,1120,1355,,-9.0,,
1069,16093014211621,1421,1621,,-9.0,,
1070,16100310261327,1026,1327,,-9.0,,
1071,16100310201359,1020,1359,,-9.0,,
1072,16100310321335,1032,1335,,-9.0,,
1073,16100313351636,1335,1636,,-9.0,,
1074,16100313471623,1347,1623,,-9.0,,
1075,16100410331320,1033,1320,,-9.0,,
1076,16100511161218,1116,1218,,-9.0,,
1077,16100513391439,1339,1439,,-9.0,,
1078,16100511161559,1116,1559,,-9.0,,
1079,16100614241654,1424,1654,,-9.0,,
1080,16100611401410,1140,1410,,-9.0,,
1081,16100614241654,1424,1654,,-9.0,,
1082,16100611391413,1139,1413,,-9.0,,
1083,16100614201658,1420,1658,,-9.0,,
1084,16100710411241,1041,1241,,-9.0,,
1085,16100713021502,1302,1502,,-9.0,,
1086,16100713021502,1302,1502,,-9.0,,
1087,16100711211306,1121,1306,,-9.0,,
1088,16101012391339,1239,1339,,-9.0,,
1089,16101013501636,1350,1636,,-9.0,,
1090,16101011291636,1129,1636,,-9.0,,
1091,16101110401403,1040,1403,,-9.0,,
1092,16101114101624,1410,1624,,-9.0,,
1093,16101110401403,1040,1403,,-9.0,,
1094,16101114101624,1410,1624,,-9.0,,
1095,16101310391442,1039,1442,,-9.0,,
1096,16101310411442,1041,1442,,-9.0,,
1097,16101410391219,1039,1219,,-9.0,,
1098,16101407301031,0730,1031,,-9.0,,
1099,16101711461449,1146,1449,,-9.0,,
1100,16101715101711,1510,1711,,-9.0,,
1101,16101810551415,1055,1415,,-9.0,,
1102,16101810551610,1055,1610,,-9.0,,
1103,16101814151610,1415,1610,,-9.0,,
1104,16101810451352,1045,1352,,-9.0,,
1105,16101814001615,1400,1615,,-9.0,,
1106,16101910041304,1004,1304,,-9.0,,
1107,16101913201621,1320,1621,,-9.0,,
1108,16102011451335,1145,1335,,-9.0,,
1109,16102013451600,1345,1600,,-9.0,,
1110,16102114421636,1442,1636,,-9.0,,
1111,16102111421636,1142,1636,0.508300891252,-9.0,1.00047290403,0.188058703039
1112,16102114421636,1442,1636,0.950113352909,-9.0,1.78791886985,0.407906481709
1113,16102412051537,1205,1537,,-9.0,,
1114,16102711491558,1149,1558,,-9.0,,
1115,16102711491558,1149,1558,,-9.0,,
1116,16102711491558,1149,1558,,-9.0,,
1117,16103110171730,1017,1730,,-9.0,,
1118,16103110171730,1017,1730,,-9.0,,
1119,16110111101410,1110,1410,,-9.0,,
1120,16110210291529,1029,1529,,-9.0,,
1121,16092612001500,1200,1500,,-8.0,,
1122,16092612111512,1211,1512,,-8.0,,
1123,16092710571426,1057,1426,,-8.0,,
1124,16092812351535,1235,1535,,-8.0,,
1125,16092813341540,1334,1540,,-8.0,,
1126,16093010191319,1019,1319,,-8.0,,
1127,16093011201355,1120,1355,,-8.0,,
1128,16093014211621,1421,1621,,-8.0,,
1129,16100310261327,1026,1327,,-8.0,,
1130,16100310201359,1020,1359,,-8.0,,
1131,16100310321335,1032,1335,,-8.0,,
1132,16100313351636,1335,1636,,-8.0,,
1133,16100313471623,1347,1623,,-8.0,,
1134,16100410331320,1033,1320,,-8.0,,
1135,16100511161218,1116,1218,,-8.0,,
1136,16100513391439,1339,1439,,-8.0,,
1137,16100511161559,1116,1559,,-8.0,,
1138,16100614241654,1424,1654,,-8.0,,
1139,16100611401410,1140,1410,,-8.0,,
1140,16100614241654,1424,1654,,-8.0,,
1141,16100611391413,1139,1413,,-8.0,,
1142,16100614201658,1420,1658,,-8.0,,
1143,16100710411241,1041,1241,,-8.0,,
1144,16100713021502,1302,1502,,-8.0,,
1145,16100713021502,1302,1502,,-8.0,,
1146,16100711211306,1121,1306,,-8.0,,
1147,16101012391339,1239,1339,,-8.0,,
1148,16101013501636,1350,1636,,-8.0,,
1149,16101011291636,1129,1636,,-8.0,,
1150,16101110401403,1040,1403,,-8.0,,
1151,16101114101624,1410,1624,,-8.0,,
1152,16101110401403,1040,1403,,-8.0,,
1153,16101114101624,1410,1624,,-8.0,,
1154,16101310391442,1039,1442,,-8.0,,
1155,16101310411442,1041,1442,,-8.0,,
1156,16101410391219,1039,1219,,-8.0,,
1157,16101407301031,0730,1031,,-8.0,,
1158,16101711461449,1146,1449,,-8.0,,
1159,16101715101711,1510,1711,,-8.0,,
1160,16101810551415,1055,1415,,-8.0,,
1161,16101810551610,1055,1610,,-8.0,,
1162,16101814151610,1415,1610,,-8.0,,
1163,16101810451352,1045,1352,,-8.0,,
1164,16101814001615,1400,1615,,-8.0,,
1165,16101910041304,1004,1304,,-8.0,,
1166,16101913201621,1320,1621,,-8.0,,
1167,16102011451335,1145,1335,,-8.0,,
1168,16102013451600,1345,1600,,-8.0,,
1169,16102114421636,1442,1636,,-8.0,,
1170,16102111421636,1142,1636,0.273261693851,-8.0,0.610695324078,0.107757888185
1171,16102114421636,1442,1636,0.614816224267,-8.0,1.2921336562,0.233097438069
1172,16102412051537,1205,1537,,-8.0,,
1173,16102711491558,1149,1558,,-8.0,,
1174,16102711491558,1149,1558,,-8.0,,
1175,16102711491558,1149,1558,,-8.0,,
1176,16103110171730,1017,1730,,-8.0,,
1177,16103110171730,1017,1730,,-8.0,,
1178,16110111101410,1110,1410,,-8.0,,
1179,16110210291529,1029,1529,,-8.0,,
1180,16092612001500,1200,1500,,-7.0,,
1181,16092612111512,1211,1512,,-7.0,,
1182,16092710571426,1057,1426,,-7.0,,
1183,16092812351535,1235,1535,,-7.0,,
1184,16092813341540,1334,1540,,-7.0,,
1185,16093010191319,1019,1319,,-7.0,,
1186,16093011201355,1120,1355,,-7.0,,
1187,16093014211621,1421,1621,,-7.0,,
1188,16100310261327,1026,1327,,-7.0,,
1189,16100310201359,1020,1359,,-7.0,,
1190,16100310321335,1032,1335,,-7.0,,
1191,16100313351636,1335,1636,,-7.0,,
1192,16100313471623,1347,1623,,-7.0,,
1193,16100410331320,1033,1320,,-7.0,,
1194,16100511161218,1116,1218,,-7.0,,
1195,16100513391439,1339,1439,,-7.0,,
1196,16100511161559,1116,1559,,-7.0,,
1197,16100614241654,1424,1654,,-7.0,,
1198,16100611401410,1140,1410,,-7.0,,
1199,16100614241654,1424,1654,,-7.0,,
1200,16100611391413,1139,1413,,-7.0,,
1201,16100614201658,1420,1658,,-7.0,,
1202,16100710411241,1041,1241,,-7.0,,
1203,16100713021502,1302,1502,,-7.0,,
1204,16100713021502,1302,1502,,-7.0,,
1205,16100711211306,1121,1306,,-7.0,,
1206,16101012391339,1239,1339,,-7.0,,
1207,16101013501636,1350,1636,,-7.0,,
1208,16101011291636,1129,1636,,-7.0,,
1209,16101110401403,1040,1403,,-7.0,,
1210,16101114101624,1410,1624,,-7.0,,
1211,16101110401403,1040,1403,,-7.0,,
1212,16101114101624,1410,1624,,-7.0,,
1213,16101310391442,1039,1442,,-7.0,,
1214,16101310411442,1041,1442,,-7.0,,
1215,16101410391219,1039,1219,,-7.0,,
1216,16101407301031,0730,1031,,-7.0,,
1217,16101711461449,1146,1449,,-7.0,,
1218,16101715101711,1510,1711,,-7.0,,
1219,16101810551415,1055,1415,,-7.0,,
1220,16101810551610,1055,1610,,-7.0,,
1221,16101814151610,1415,1610,,-7.0,,
1222,16101810451352,1045,1352,,-7.0,,
1223,16101814001615,1400,1615,,-7.0,,
1224,16101910041304,1004,1304,,-7.0,,
1225,16101913201621,1320,1621,,-7.0,,
1226,16102011451335,1145,1335,,-7.0,,
1227,16102013451600,1345,1600,,-7.0,,
1228,16102114421636,1442,1636,,-7.0,,
1229,16102111421636,1142,1636,0.219430621148,-7.0,0.556864251375,0.0539268154824
1230,16102114421636,1442,1636,,-7.0,,
1231,16102412051537,1205,1537,,-7.0,,
1232,16102711491558,1149,1558,,-7.0,,
1233,16102711491558,1149,1558,,-7.0,,
1234,16102711491558,1149,1558,,-7.0,,
1235,16103110171730,1017,1730,,-7.0,,
1236,16103110171730,1017,1730,,-7.0,,
1237,16110111101410,1110,1410,,-7.0,,
1238,16110210291529,1029,1529,,-7.0,,
