,INP,MEAN_WIND_SPEED,MAX_GUST_DIR,MAX_GUST_SPEED,MAX_GUST_CTIME,Dry Bulb Temperature,Dew Point Temperature,Grass Temperature,Concrete Temperature,10cm Soil Temperature,Rainfall Total since 0900,Radiation Total since 0900,Humidity,rain_past_hour,APS Total,SMPS Total,3,demott,meyers,Temp
0,1.32527186755,13.0,236.666666667,25.3333333333,1306.66666667,21.2166666667,16.5,22.8833333333,23.2466666667,16.02,0.0,4551.73333333,74.5333333333,0.0,3504.7371799,49772.971,,6.16874243884,18.9841020232,-25
1,0.896231080481,4.33333333333,103.333333333,8.66666666667,1132.66666667,13.2733333333,9.12,19.2633333333,23.1933333333,12.2866666667,0.0,4393.23333333,76.2666666667,0.0,17548.9074084,59193.172,,17.9571641904,18.9841020232,-25
2,0.855055549598,4.33333333333,103.333333333,8.66666666667,1132.66666667,13.2733333333,9.12,19.2633333333,23.1933333333,12.2866666667,0.0,4393.23333333,76.2666666667,0.0,15361.3778254,61291.805,,16.4393940799,18.9841020232,-25
3,1.08984587624,12.6666666667,116.666666667,21.6666666667,1131.33333333,16.8266666667,11.8166666667,20.21,21.9066666667,13.6733333333,0.0,3481.2,72.3666666667,0.0,4178.71870064,70236.605,,6.93209628645,18.9841020232,-25
4,0.530015247219,13.3333333333,56.6666666667,21.3333333333,1214.66666667,13.7433333333,7.11333333333,16.6066666667,19.9433333333,13.47,0.0,5510.73333333,64.2333333333,0.0,2830.05337518,55167.885,,5.35305924031,18.9841020232,-25
5,1.19476642073,7.5,70.0,12.5,1303.5,13.74,11.06,14.13,15.675,14.235,0.8,3258.4,83.85,0.0,2543.70328628,39930.413,,4.9873812801,18.9841020232,-25
6,0.945909056054,10.0,335.0,15.5,1171.0,11.875,9.24,13.35,14.495,11.65,0.0,2805.6,83.9,0.0,7212.9666878,22740.868,,9.9566591789,18.9841020232,-25
0,1.14246366317,13.0,236.666666667,25.3333333333,1306.66666667,21.2166666667,16.5,22.8833333333,23.2466666667,16.02,0.0,4551.73333333,74.5333333333,0.0,3504.7371799,49772.971,,5.20931884162,16.1646350521,-24
1,0.480846060627,4.33333333333,103.333333333,8.66666666667,1132.66666667,13.2733333333,9.12,19.2633333333,23.1933333333,12.2866666667,0.0,4393.23333333,76.2666666667,0.0,17548.9074084,59193.172,,14.532915803,16.1646350521,-24
2,0.68864811048,4.33333333333,103.333333333,8.66666666667,1132.66666667,13.2733333333,9.12,19.2633333333,23.1933333333,12.2866666667,0.0,4393.23333333,76.2666666667,0.0,15361.3778254,61291.805,,13.3514137898,16.1646350521,-24
3,0.998869954952,12.6666666667,116.666666667,21.6666666667,1131.33333333,16.8266666667,11.8166666667,20.21,21.9066666667,13.6733333333,0.0,3481.2,72.3666666667,0.0,4178.71870064,70236.605,,5.8268287396,16.1646350521,-24
4,0.226803152779,13.3333333333,56.6666666667,21.3333333333,1214.66666667,13.7433333333,7.11333333333,16.6066666667,19.9433333333,13.47,0.0,5510.73333333,64.2333333333,0.0,2830.05337518,55167.885,,4.54608841064,16.1646350521,-24
5,1.28068337736,12.5,50.0,22.5,1489.0,13.495,6.655,16.62,17.905,14.305,0.0,8203.3,63.3,0.0,3436.20942636,67685.031,,5.14421359682,16.1646350521,-24
6,0.880116164474,7.5,70.0,12.5,1303.5,13.74,11.06,14.13,15.675,14.235,0.8,3258.4,83.85,0.0,2543.70328628,39930.413,,4.2474811733,16.1646350521,-24
7,0.950725565019,13.3333333333,233.333333333,21.3333333333,1196.66666667,13.46,8.98,14.66,15.4133333333,11.8833333333,0.0666666666667,3765.86666667,74.4,0.0666666666667,3396.0464438,74451.797,,5.10583738682,16.1646350521,-24
8,0.461653656444,10.0,335.0,15.5,1171.0,11.875,9.24,13.35,14.495,11.65,0.0,2805.6,83.9,0.0,7212.9666878,22740.868,,8.2494052672,16.1646350521,-24
0,0.677105789939,13.0,236.666666667,25.3333333333,1306.66666667,21.2166666667,16.5,22.8833333333,23.2466666667,16.02,0.0,4551.73333333,74.5333333333,0.0,3504.7371799,49772.971,,4.37373327416,13.7832202529,-23
1,0.0102665781043,4.33333333333,103.333333333,8.66666666667,1132.66666667,13.2733333333,9.12,19.2633333333,23.1933333333,12.2866666667,0.0,4393.23333333,76.2666666667,0.0,17548.9074084,59193.172,,11.693777181,13.7832202529,-23
2,0.490513574094,4.33333333333,103.333333333,8.66666666667,1132.66666667,13.2733333333,9.12,19.2633333333,23.1933333333,12.2866666667,0.0,4393.23333333,76.2666666667,0.0,15361.3778254,61291.805,,10.7809183869,13.7832202529,-23
3,0.867821905033,12.6666666667,116.666666667,21.6666666667,1131.33333333,16.8266666667,11.8166666667,20.21,21.9066666667,13.6733333333,0.0,3481.2,72.3666666667,0.0,4178.71870064,70236.605,,4.86952919376,13.7832202529,-23
4,0.0739309059875,13.3333333333,56.6666666667,21.3333333333,1214.66666667,13.7433333333,7.11333333333,16.6066666667,19.9433333333,13.47,0.0,5510.73333333,64.2333333333,0.0,2830.05337518,55167.885,,3.8384930479,13.7832202529,-23
5,0.873175281311,12.5,50.0,22.5,1489.0,13.495,6.655,16.62,17.905,14.305,0.0,8203.3,63.3,0.0,3436.20942636,67685.031,,4.32132320664,13.7832202529,-23
6,0.608884740205,7.5,70.0,12.5,1303.5,13.74,11.06,14.13,15.675,14.235,0.8,3258.4,83.85,0.0,2543.70328628,39930.413,,3.59647799395,13.7832202529,-23
7,0.68331794412,13.3333333333,233.333333333,21.3333333333,1196.66666667,13.46,8.98,14.66,15.4133333333,11.8833333333,0.0666666666667,3765.86666667,74.4,0.0666666666667,3396.0464438,74451.797,,4.29041729382,13.7832202529,-23
8,0.62819084739,11.6666666667,266.666666667,23.3333333333,1118.0,10.0933333333,4.77666666667,12.2566666667,14.1866666667,10.8033333333,0.0,3123.5,69.6,0.0,2036.3654042,31177.709,,3.13976070615,13.7832202529,-23
9,0.204353564816,10.0,335.0,15.5,1171.0,11.875,9.24,13.35,14.495,11.65,0.0,2805.6,83.9,0.0,7212.9666878,22740.868,,6.79545734918,13.7832202529,-23
10,1.14751368555,10.25,230.0,22.25,1278.75,13.72,9.59,13.6725,13.22,11.175,0.0,818.675,76.1,0.0,8351.27600954,166370.924,,7.43139329231,13.7832202529,-23
0,0.232808667752,13.0,236.666666667,25.3333333333,1306.66666667,21.2166666667,16.5,22.8833333333,23.2466666667,16.02,0.0,4551.73333333,74.5333333333,0.0,3504.7371799,49772.971,,3.64911225831,11.769441166,-22
1,0.58124288348,11.0,210.0,18.5,1149.5,14.52,7.845,20.96,24.605,14.89,0.0,6100.95,64.7,0.0,3065.1978672,86953.484,,3.37438312518,11.769441166,-22
2,0.766412847112,6.5,250.0,14.0,1479.0,13.78,8.66,16.28,17.95,15.34,2.2,8945.55,71.4,0.0,2009.57596414,90135.278,,2.63692190725,11.769441166,-22
3,-0.476535438154,4.33333333333,103.333333333,8.66666666667,1132.66666667,13.2733333333,9.12,19.2633333333,23.1933333333,12.2866666667,0.0,4393.23333333,76.2666666667,0.0,17548.9074084,59193.172,,9.35019020066,11.769441166,-22
4,0.19148248182,4.33333333333,103.333333333,8.66666666667,1132.66666667,13.2733333333,9.12,19.2633333333,23.1933333333,12.2866666667,0.0,4393.23333333,76.2666666667,0.0,15361.3778254,61291.805,,8.6506319531,11.769441166,-22
5,0.692779728562,12.6666666667,116.666666667,21.6666666667,1131.33333333,16.8266666667,11.8166666667,20.21,21.9066666667,13.6733333333,0.0,3481.2,72.3666666667,0.0,4178.71870064,70236.605,,4.04394526021,11.769441166,-22
6,1.66156869438,17.0,100.0,26.0,1334.0,13.61,6.2,15.81,18.62,14.38,0.0,5843.8,60.8,0.0,1233.27859812,,,1.98263521672,11.769441166,-22
7,-0.190646043955,13.3333333333,56.6666666667,21.3333333333,1214.66666667,13.7433333333,7.11333333333,16.6066666667,19.9433333333,13.47,0.0,5510.73333333,64.2333333333,0.0,2830.05337518,55167.885,,3.22067730844,11.769441166,-22
8,0.503318888299,12.5,50.0,22.5,1489.0,13.495,6.655,16.62,17.905,14.305,0.0,8203.3,63.3,0.0,3436.20942636,67685.031,,3.60726527413,11.769441166,-22
9,0.489634697647,7.5,70.0,12.5,1303.5,13.74,11.06,14.13,15.675,14.235,0.8,3258.4,83.85,0.0,2543.70328628,39930.413,,3.0261254372,11.769441166,-22
10,0.459182705409,13.3333333333,233.333333333,21.3333333333,1196.66666667,13.46,8.98,14.66,15.4133333333,11.8833333333,0.0666666666667,3765.86666667,74.4,0.0666666666667,3396.0464438,74451.797,,3.58257807815,11.769441166,-22
11,0.451221970553,11.6666666667,266.666666667,23.3333333333,1118.0,10.0933333333,4.77666666667,12.2566666667,14.1866666667,10.8033333333,0.0,3123.5,69.6,0.0,2036.3654042,31177.709,,2.65739793047,11.769441166,-22
12,-0.244309987801,10.0,335.0,15.5,1171.0,11.875,9.24,13.35,14.495,11.65,0.0,2805.6,83.9,0.0,7212.9666878,22740.868,,5.56260621339,11.769441166,-22
13,0.863934423278,10.25,230.0,22.25,1278.75,13.72,9.59,13.6725,13.22,11.175,0.0,818.675,76.1,0.0,8351.27600954,166370.924,,6.05968158917,11.769441166,-22
0,-0.0750029202386,13.0,236.666666667,25.3333333333,1306.66666667,21.2166666667,16.5,22.8833333333,23.2466666667,16.02,0.0,4551.73333333,74.5333333333,0.0,3504.7371799,49772.971,,3.02364669844,10.0644605732,-21
1,0.180766445699,11.0,210.0,18.5,1149.5,14.52,7.845,20.96,24.605,14.89,0.0,6100.95,64.7,0.0,3065.1978672,86953.484,,2.80591564187,10.0644605732,-21
2,0.332438459916,6.5,250.0,14.0,1479.0,13.78,8.66,16.28,17.95,15.34,2.2,8945.55,71.4,0.0,2009.57596414,90135.278,,2.21726721636,10.0644605732,-21
3,-0.675701193969,4.33333333333,103.333333333,8.66666666667,1132.66666667,13.2733333333,9.12,19.2633333333,23.1933333333,12.2866666667,0.0,4393.23333333,76.2666666667,0.0,17548.9074084,59193.172,,7.42497451735,10.0644605732,-21
4,-0.0978348086586,4.33333333333,103.333333333,8.66666666667,1132.66666667,13.2733333333,9.12,19.2633333333,23.1933333333,12.2866666667,0.0,4393.23333333,76.2666666667,0.0,15361.3778254,61291.805,,6.89364322154,10.0644605732,-21
5,0.618107817714,7.33333333333,123.333333333,12.0,1404.66666667,14.7833333333,7.72333333333,18.58,21.0333333333,14.5733333333,0.0,9246.73333333,62.6333333333,0.0,3361.89514152,54271.371,,2.95428700707,10.0644605732,-21
6,0.495514143588,12.6666666667,116.666666667,21.6666666667,1131.33333333,16.8266666667,11.8166666667,20.21,21.9066666667,13.6733333333,0.0,3481.2,72.3666666667,0.0,4178.71870064,70236.605,,3.33528118682,10.0644605732,-21
7,1.29444832442,17.0,100.0,26.0,1334.0,13.61,6.2,15.81,18.62,14.38,0.0,5843.8,60.8,0.0,1233.27859812,,,1.68873507935,10.0644605732,-21
8,0.765235810527,13.3333333333,56.6666666667,21.3333333333,1214.66666667,13.7433333333,7.11333333333,16.6066666667,19.9433333333,13.47,0.0,5510.73333333,64.2333333333,0.0,2889.40116934,56442.509,,2.71499623181,10.0644605732,-21
9,-0.422774432427,13.3333333333,56.6666666667,21.3333333333,1214.66666667,13.7433333333,7.11333333333,16.6066666667,19.9433333333,13.47,0.0,5510.73333333,64.2333333333,0.0,2830.05337518,55167.885,,2.68375310321,10.0644605732,-21
10,0.182122223652,12.5,50.0,22.5,1489.0,13.495,6.655,16.62,17.905,14.305,0.0,8203.3,63.3,0.0,3436.20942636,67685.031,,2.99053096245,10.0644605732,-21
11,0.146971415461,7.5,70.0,12.5,1303.5,13.74,11.06,14.13,15.675,14.235,0.8,3258.4,83.85,0.0,2543.70328628,39930.413,,2.52874674178,10.0644605732,-21
12,0.192911479278,13.3333333333,233.333333333,21.3333333333,1196.66666667,13.46,8.98,14.66,15.4133333333,11.8833333333,0.0666666666667,3765.86666667,74.4,0.0666666666667,3396.0464438,74451.797,,2.97098654415,10.0644605732,-21
13,0.352679369355,11.6666666667,266.666666667,23.3333333333,1118.0,10.0933333333,4.77666666667,12.2566666667,14.1866666667,10.8033333333,0.0,3123.5,69.6,0.0,2036.3654042,31177.709,,2.23370350678,10.0644605732,-21
14,0.698859188378,10.25,230.0,22.25,1278.75,13.72,9.59,13.6725,13.22,11.175,0.0,818.675,76.1,0.0,8351.27600954,166370.924,,4.90725079258,10.0644605732,-21
0,-0.327613324419,13.0,236.666666667,25.3333333333,1306.66666667,21.2166666667,16.5,22.8833333333,23.2466666667,16.02,0.0,4551.73333333,74.5333333333,0.0,3504.7371799,49772.971,,2.48651895473,8.61909804395,-20
1,-0.0780933397557,11.0,210.0,18.5,1149.5,14.52,7.845,20.96,24.605,14.89,0.0,6100.95,64.7,0.0,3065.1978672,86953.484,,2.31564371375,8.61909804395,-20
2,-0.00524305541237,6.5,250.0,14.0,1479.0,13.78,8.66,16.28,17.95,15.34,2.2,8945.55,71.4,0.0,2009.57596414,90135.278,,1.85035779048,8.61909804395,-20
3,-0.28997386548,4.33333333333,103.333333333,8.66666666667,1132.66666667,13.2733333333,9.12,19.2633333333,23.1933333333,12.2866666667,0.0,4393.23333333,76.2666666667,0.0,15361.3778254,61291.805,,5.45213599948,8.61909804395,-20
4,0.247088217804,7.33333333333,123.333333333,12.0,1404.66666667,14.7833333333,7.72333333333,18.58,21.0333333333,14.5733333333,0.0,9246.73333333,62.6333333333,0.0,3361.89514152,54271.371,,2.43215078741,8.61909804395,-20
5,0.447797962111,12.6666666667,116.666666667,21.6666666667,1131.33333333,16.8266666667,11.8166666667,20.21,21.9066666667,13.6733333333,0.0,3481.2,72.3666666667,0.0,4178.71870064,70236.605,,2.73008739025,8.61909804395,-20
6,1.05591778763,17.0,97.5,27.5,1286.0,13.9025,6.2,16.7925,19.505,14.0825,0.0,5177.925,59.7,0.0,6693.17261716,,,3.50650631807,8.61909804395,-20
7,1.04405655238,17.0,100.0,26.0,1334.0,13.61,6.2,15.81,18.62,14.38,0.0,5843.8,60.8,0.0,1233.27859812,,,1.42756911457,8.61909804395,-20
8,0.121847806659,13.3333333333,56.6666666667,21.3333333333,1214.66666667,13.7433333333,7.11333333333,16.6066666667,19.9433333333,13.47,0.0,5510.73333333,64.2333333333,0.0,2889.40116934,56442.509,,2.24410688499,8.61909804395,-20
9,-0.787093441022,13.3333333333,56.6666666667,21.3333333333,1214.66666667,13.7433333333,7.11333333333,16.6066666667,19.9433333333,13.47,0.0,5510.73333333,64.2333333333,0.0,2830.05337518,55167.885,,2.21949829416,8.61909804395,-20
10,0.59307763982,12.5,50.0,22.5,1489.0,13.495,6.655,16.62,17.905,14.305,0.0,8203.3,63.3,0.0,3641.29134326,71016.639,,2.537530902,8.61909804395,-20
11,0.599040518489,12.5,50.0,22.5,1489.0,13.495,6.655,16.62,17.905,14.305,0.0,8203.3,63.3,0.0,3436.20942636,67685.031,,2.46056836025,8.61909804395,-20
12,-0.0778473630638,7.5,70.0,12.5,1303.5,13.74,11.06,14.13,15.675,14.235,0.8,3258.4,83.85,0.0,2543.70328628,39930.413,,2.09720389675,8.61909804395,-20
13,0.0302885296374,13.3333333333,233.333333333,21.3333333333,1196.66666667,13.46,8.98,14.66,15.4133333333,11.8833333333,0.0666666666667,3765.86666667,74.4,0.0666666666667,3396.0464438,74451.797,,2.44524632773,8.61909804395,-20
14,0.330038565597,11.6666666667,266.666666667,23.3333333333,1118.0,10.0933333333,4.77666666667,12.2566666667,14.1866666667,10.8033333333,0.0,3123.5,69.6,0.0,2036.3654042,31177.709,,1.86342264706,8.61909804395,-20
15,0.557231880711,10.25,230.0,22.25,1278.75,13.72,9.59,13.6725,13.22,11.175,0.0,818.675,76.1,0.0,8351.27600954,166370.924,,3.94406090717,8.61909804395,-20
0,-0.402373355159,13.0,236.666666667,25.3333333333,1306.66666667,21.2166666667,16.5,22.8833333333,23.2466666667,16.02,0.0,4551.73333333,74.5333333333,0.0,3504.7371799,49772.971,,2.02783435178,7.39222433263,-19
1,-0.497719944659,11.0,210.0,18.5,1149.5,14.52,7.845,20.96,24.605,14.89,0.0,6100.95,64.7,0.0,3065.1978672,86953.484,,1.89517291158,7.39222433263,-19
2,-0.310913229596,6.5,250.0,14.0,1479.0,13.78,8.66,16.28,17.95,15.34,2.2,8945.55,71.4,0.0,2009.57596414,90135.278,,1.5313461171,7.39222433263,-19
3,-0.344940835802,4.33333333333,103.333333333,8.66666666667,1132.66666667,13.2733333333,9.12,19.2633333333,23.1933333333,12.2866666667,0.0,4393.23333333,76.2666666667,0.0,15361.3778254,61291.805,,4.27626420205,7.39222433263,-19
4,0.00613267016684,7.33333333333,123.333333333,12.0,1404.66666667,14.7833333333,7.72333333333,18.58,21.0333333333,14.5733333333,0.0,9246.73333333,62.6333333333,0.0,3361.89514152,54271.371,,1.98567551359,7.39222433263,-19
5,0.252489290578,12.6666666667,116.666666667,21.6666666667,1131.33333333,16.8266666667,11.8166666667,20.21,21.9066666667,13.6733333333,0.0,3481.2,72.3666666667,0.0,4178.71870064,70236.605,,2.21615746861,7.39222433263,-19
6,0.529273131557,17.0,97.5,27.5,1286.0,13.9025,6.2,16.7925,19.505,14.0825,0.0,5177.925,59.7,0.0,6693.17261716,,,2.81123755506,7.39222433263,-19
7,0.950012055296,17.0,100.0,26.0,1334.0,13.61,6.2,15.81,18.62,14.38,0.0,5843.8,60.8,0.0,1233.27859812,,,1.1967756202,7.39222433263,-19
8,-0.216642715228,13.3333333333,56.6666666667,21.3333333333,1214.66666667,13.7433333333,7.11333333333,16.6066666667,19.9433333333,13.47,0.0,5510.73333333,64.2333333333,0.0,2889.40116934,56442.509,,1.8394916327,7.39222433263,-19
9,-0.892405606812,13.3333333333,56.6666666667,21.3333333333,1214.66666667,13.7433333333,7.11333333333,16.6066666667,19.9433333333,13.47,0.0,5510.73333333,64.2333333333,0.0,2830.05337518,55167.885,,1.82031707567,7.39222433263,-19
10,0.321459660824,12.5,50.0,22.5,1489.0,13.495,6.655,16.62,17.905,14.305,0.0,8203.3,63.3,0.0,3641.29134326,71016.639,,2.0673490178,7.39222433263,-19
11,-0.303576836,12.5,50.0,22.5,1489.0,13.495,6.655,16.62,17.905,14.305,0.0,8203.3,63.3,0.0,3436.20942636,67685.031,,2.00771719616,7.39222433263,-19
12,-0.108562439148,7.5,70.0,12.5,1303.5,13.74,11.06,14.13,15.675,14.235,0.8,3258.4,83.85,0.0,2543.70328628,39930.413,,1.72486832618,7.39222433263,-19
13,-0.166015827223,13.3333333333,233.333333333,21.3333333333,1196.66666667,13.46,8.98,14.66,15.4133333333,11.8833333333,0.0666666666667,3765.86666667,74.4,0.0666666666667,3396.0464438,74451.797,,1.99583446234,7.39222433263,-19
14,0.260513473383,11.6666666667,266.666666667,23.3333333333,1118.0,10.0933333333,4.77666666667,12.2566666667,14.1866666667,10.8033333333,0.0,3123.5,69.6,0.0,2036.3654042,31177.709,,1.54161946147,7.39222433263,-19
15,0.498941733716,10.25,230.0,22.25,1278.75,13.72,9.59,13.6725,13.22,11.175,0.0,818.675,76.1,0.0,8351.27600954,166370.924,,3.14361204205,7.39222433263,-19
0,-0.621858868164,13.0,236.666666667,25.3333333333,1306.66666667,21.2166666667,16.5,22.8833333333,23.2466666667,16.02,0.0,4551.73333333,74.5333333333,0.0,3504.7371799,49772.971,,1.63855688273,6.34942206627,-18
1,-0.852189328808,11.0,210.0,18.5,1149.5,14.52,7.845,20.96,24.605,14.89,0.0,6100.95,64.7,0.0,3065.1978672,86953.484,,1.53678915208,6.34942206627,-18
2,-0.425534654793,6.5,250.0,14.0,1479.0,13.78,8.66,16.28,17.95,15.34,2.2,8945.55,71.4,0.0,2009.57596414,90135.278,,1.25568109457,6.34942206627,-18
3,-0.539419069696,4.33333333333,103.333333333,8.66666666667,1132.66666667,13.2733333333,9.12,19.2633333333,23.1933333333,12.2866666667,0.0,4393.23333333,76.2666666667,0.0,15361.3778254,61291.805,,3.3231559607,6.34942206627,-18
4,-0.250452813561,7.33333333333,123.333333333,12.0,1404.66666667,14.7833333333,7.72333333333,18.58,21.0333333333,14.5733333333,0.0,9246.73333333,62.6333333333,0.0,3361.89514152,54271.371,,1.6062546918,6.34942206627,-18
5,0.127969873609,12.6666666667,116.666666667,21.6666666667,1131.33333333,16.8266666667,11.8166666667,20.21,21.9066666667,13.6733333333,0.0,3481.2,72.3666666667,0.0,4178.71870064,70236.605,,1.78243223566,6.34942206627,-18
6,-0.00455458134124,17.0,97.5,27.5,1286.0,13.9025,6.2,16.7925,19.505,14.0825,0.0,5177.925,59.7,0.0,6693.17261716,,,2.23310328914,6.34942206627,-18
7,0.640910437521,17.0,100.0,26.0,1334.0,13.61,6.2,15.81,18.62,14.38,0.0,5843.8,60.8,0.0,1233.27859812,,,0.994069316367,6.34942206627,-18
8,-0.826384850642,13.3333333333,56.6666666667,21.3333333333,1214.66666667,13.7433333333,7.11333333333,16.6066666667,19.9433333333,13.47,0.0,5510.73333333,64.2333333333,0.0,2889.40116934,56442.509,,1.49396505953,6.34942206627,-18
9,-1.02294975168,13.3333333333,56.6666666667,21.3333333333,1214.66666667,13.7433333333,7.11333333333,16.6066666667,19.9433333333,13.47,0.0,5510.73333333,64.2333333333,0.0,2830.05337518,55167.885,,1.47920244407,6.34942206627,-18
10,0.0166136661635,12.5,50.0,22.5,1489.0,13.495,6.655,16.62,17.905,14.305,0.0,8203.3,63.3,0.0,3641.29134326,71016.639,,1.66880122386,6.34942206627,-18
11,-0.479993276544,12.5,50.0,22.5,1489.0,13.495,6.655,16.62,17.905,14.305,0.0,8203.3,63.3,0.0,3436.20942636,67685.031,,1.62314750109,6.34942206627,-18
12,0.833693411948,7.5,70.0,13.5,1180.5,13.89,11.38,16.275,17.89,13.72,0.8,2135.5,84.85,0.0,1608.65178168,23673.198,,1.12884931862,6.34942206627,-18
13,-0.141616265354,7.5,70.0,12.5,1303.5,13.74,11.06,14.13,15.675,14.235,0.8,3258.4,83.85,0.0,2543.70328628,39930.413,,1.405592994,6.34942206627,-18
14,-0.291764304059,13.3333333333,233.333333333,21.3333333333,1196.66666667,13.46,8.98,14.66,15.4133333333,11.8833333333,0.0666666666667,3765.86666667,74.4,0.0666666666667,3396.0464438,74451.797,,1.61404175107,6.34942206627,-18
15,0.172054467279,11.6666666667,266.666666667,23.3333333333,1118.0,10.0933333333,4.77666666667,12.2566666667,14.1866666667,10.8033333333,0.0,3123.5,69.6,0.0,2036.3654042,31177.709,,1.26366321751,6.34942206627,-18
16,0.468823434685,10.25,230.0,22.25,1278.75,13.72,9.59,13.6725,13.22,11.175,0.0,818.675,76.1,0.0,8351.27600954,166370.924,,2.48257638334,6.34942206627,-18
0,-0.778062311497,13.0,236.666666667,25.3333333333,1306.66666667,21.2166666667,16.5,22.8833333333,23.2466666667,16.02,0.0,4551.73333333,74.5333333333,0.0,3504.7371799,49772.971,,1.31044888226,5.46186963507,-17
1,0.850569676385,14.5,235.0,25.0,1341.5,22.135,17.005,24.25,24.64,16.3,0.0,5022.85,72.7,0.0,2052.5740562,56427.234,,1.02889642114,5.46186963507,-17
2,-0.91527986008,11.0,210.0,18.5,1149.5,14.52,7.845,20.96,24.605,14.89,0.0,6100.95,64.7,0.0,3065.1978672,86953.484,,1.23341506229,5.46186963507,-17
3,-0.514278573518,6.5,250.0,14.0,1479.0,13.78,8.66,16.28,17.95,15.34,2.2,8945.55,71.4,0.0,2009.57596414,90135.278,,1.01909545546,5.46186963507,-17
4,-0.569679623824,4.33333333333,103.333333333,8.66666666667,1132.66666667,13.2733333333,9.12,19.2633333333,23.1933333333,12.2866666667,0.0,4393.23333333,76.2666666667,0.0,15361.3778254,61291.805,,2.55603286457,5.46186963507,-17
5,-0.352468870876,7.33333333333,123.333333333,12.0,1404.66666667,14.7833333333,7.72333333333,18.58,21.0333333333,14.5733333333,0.0,9246.73333333,62.6333333333,0.0,3361.89514152,54271.371,,1.28602690186,5.46186963507,-17
6,0.801917944214,7.33333333333,123.333333333,12.0,1404.66666667,14.7833333333,7.72333333333,18.58,21.0333333333,14.5733333333,0.0,9246.73333333,62.6333333333,0.0,2970.41796604,51053.648,,1.21602407543,5.46186963507,-17
7,-0.161284638224,12.6666666667,116.666666667,21.6666666667,1131.33333333,16.8266666667,11.8166666667,20.21,21.9066666667,13.6733333333,0.0,3481.2,72.3666666667,0.0,4178.71870064,70236.605,,1.4189103456,5.46186963507,-17
8,-0.342708293876,17.0,97.5,27.5,1286.0,13.9025,6.2,16.7925,19.505,14.0825,0.0,5177.925,59.7,0.0,6693.17261716,,,1.75569710068,5.46186963507,-17
9,0.516416524104,17.0,100.0,26.0,1334.0,13.61,6.2,15.81,18.62,14.38,0.0,5843.8,60.8,0.0,1233.27859812,,,0.817240948963,5.46186963507,-17
10,-0.997006465291,13.3333333333,56.6666666667,21.3333333333,1214.66666667,13.7433333333,7.11333333333,16.6066666667,19.9433333333,13.47,0.0,5510.73333333,64.2333333333,0.0,2889.40116934,56442.509,,1.20091585759,5.46186963507,-17
11,-1.17661609368,13.3333333333,56.6666666667,21.3333333333,1214.66666667,13.7433333333,7.11333333333,16.6066666667,19.9433333333,13.47,0.0,5510.73333333,64.2333333333,0.0,2830.05337518,55167.885,,1.18970066349,5.46186963507,-17
12,-0.232553134706,12.5,50.0,22.5,1489.0,13.495,6.655,16.62,17.905,14.305,0.0,8203.3,63.3,0.0,3641.29134326,71016.639,,1.33329095371,5.46186963507,-17
13,-0.627856896099,12.5,50.0,22.5,1489.0,13.495,6.655,16.62,17.905,14.305,0.0,8203.3,63.3,0.0,3436.20942636,67685.031,,1.29880200855,5.46186963507,-17
14,0.0146652696101,7.5,70.0,13.5,1180.5,13.89,11.38,16.275,17.89,13.72,0.8,2135.5,84.85,0.0,1608.65178168,23673.198,,0.921558360397,5.46186963507,-17
15,-0.197700991593,7.5,70.0,12.5,1303.5,13.74,11.06,14.13,15.675,14.235,0.8,3258.4,83.85,0.0,2543.70328628,39930.413,,1.13368587515,5.46186963507,-17
16,-0.364954205746,13.3333333333,233.333333333,21.3333333333,1196.66666667,13.46,8.98,14.66,15.4133333333,11.8833333333,0.0666666666667,3765.86666667,74.4,0.0666666666667,3396.0464438,74451.797,,1.29191674466,5.46186963507,-17
17,0.035671867986,11.6666666667,266.666666667,23.3333333333,1118.0,10.0933333333,4.77666666667,12.2566666667,14.1866666667,10.8033333333,0.0,3123.5,69.6,0.0,2036.3654042,31177.709,,1.02521516052,5.46186963507,-17
18,0.428874842562,10.25,230.0,22.25,1278.75,13.72,9.59,13.6725,13.22,11.175,0.0,818.675,76.1,0.0,8351.27600954,166370.924,,1.94046498714,5.46186963507,-17
0,0.710626061335,14.5,235.0,25.0,1341.5,22.135,17.005,24.25,24.64,16.3,0.0,5022.85,72.7,0.0,2052.5740562,56427.234,,0.824995541295,4.7054117463,-16
1,-1.04188920491,11.0,210.0,18.5,1149.5,14.52,7.845,20.96,24.605,14.89,0.0,6100.95,64.7,0.0,3065.1978672,86953.484,,0.978568827101,4.7054117463,-16
2,-0.755145853135,6.5,250.0,14.0,1479.0,13.78,8.66,16.28,17.95,15.34,2.2,8945.55,71.4,0.0,2009.57596414,90135.278,,0.817593710807,4.7054117463,-16
3,-0.621836692796,4.33333333333,103.333333333,8.66666666667,1132.66666667,13.2733333333,9.12,19.2633333333,23.1933333333,12.2866666667,0.0,4393.23333333,76.2666666667,0.0,15361.3778254,61291.805,,1.94343182836,4.7054117463,-16
4,-0.529893451405,7.33333333333,123.333333333,12.0,1404.66666667,14.7833333333,7.72333333333,18.58,21.0333333333,14.5733333333,0.0,9246.73333333,62.6333333333,0.0,3361.89514152,54271.371,,1.01782441822,4.7054117463,-16
5,0.415690865397,7.33333333333,123.333333333,12.0,1404.66666667,14.7833333333,7.72333333333,18.58,21.0333333333,14.5733333333,0.0,9246.73333333,62.6333333333,0.0,2970.41796604,51053.648,,0.965571467159,4.7054117463,-16
6,-0.520593199601,12.6666666667,116.666666667,21.6666666667,1131.33333333,16.8266666667,11.8166666667,20.21,21.9066666667,13.6733333333,0.0,3481.2,72.3666666667,0.0,4178.71870064,70236.605,,1.11656510344,4.7054117463,-16
7,-0.989613186088,17.0,97.5,27.5,1286.0,13.9025,6.2,16.7925,19.505,14.0825,0.0,5177.925,59.7,0.0,6693.17261716,,,1.36451256922,4.7054117463,-16
8,0.359241951074,17.0,100.0,26.0,1334.0,13.61,6.2,15.81,18.62,14.38,0.0,5843.8,60.8,0.0,1233.27859812,,,0.664156974914,4.7054117463,-16
9,-1.27627047165,13.3333333333,56.6666666667,21.3333333333,1214.66666667,13.7433333333,7.11333333333,16.6066666667,19.9433333333,13.47,0.0,5510.73333333,64.2333333333,0.0,2830.05337518,55167.885,,0.94587764128,4.7054117463,-16
10,-0.69477554348,12.5,50.0,22.5,1489.0,13.495,6.655,16.62,17.905,14.305,0.0,8203.3,63.3,0.0,3641.29134326,71016.639,,1.05300982465,4.7054117463,-16
11,-0.245373766935,7.5,70.0,13.5,1180.5,13.89,11.38,16.275,17.89,13.72,0.8,2135.5,84.85,0.0,1608.65178168,23673.198,,0.743698455388,4.7054117463,-16
12,-0.319542267863,7.5,70.0,12.5,1303.5,13.74,11.06,14.13,15.675,14.235,0.8,3258.4,83.85,0.0,2543.70328628,39930.413,,0.903884742172,4.7054117463,-16
13,-0.443037757625,13.3333333333,233.333333333,21.3333333333,1196.66666667,13.46,8.98,14.66,15.4133333333,11.8833333333,0.0666666666667,3765.86666667,74.4,0.0666666666667,3396.0464438,74451.797,,1.02221313621,4.7054117463,-16
14,-0.645002895215,11.6666666667,266.666666667,23.3333333333,1118.0,10.0933333333,4.77666666667,12.2566666667,14.1866666667,10.8033333333,0.0,3123.5,69.6,0.0,2036.3654042,31177.709,,0.822215885142,4.7054117463,-16
15,0.414955984606,10.25,230.0,22.25,1278.75,13.72,9.59,13.6725,13.22,11.175,0.0,818.675,76.1,0.0,8351.27600954,166370.924,,1.49932633788,4.7054117463,-16
