,# temperatures,INP,ff,K,date
0,-21.01,0.0,0.025,25.3178079843,2016-09-26
1,-21.44,0.0,0.05,51.2932943876,2016-09-26
2,-21.76,0.0,0.075,77.9615414697,2016-09-26
3,-21.78,0.0,0.1,105.360515658,2016-09-26
4,-22.7,0.0,0.125,133.531392625,2016-09-26
5,-22.88,0.0,0.15,162.518929498,2016-09-26
6,-23.59,0.0,0.175,192.371892647,2016-09-26
7,-23.86,0.0,0.2,223.143551314,2016-09-26
8,-23.95,0.0,0.225,254.892249629,2016-09-26
9,-23.99,0.0,0.25,287.682072452,2016-09-26
10,-24.84,0.0,0.275,321.583624127,2016-09-26
11,-25.31,0.0,0.3,356.674943939,2016-09-26
12,-25.79,0.0,0.325,393.04258811,2016-09-26
13,-25.81,0.0,0.35,430.782916092,2016-09-26
14,-25.82,0.0,0.375,470.003629246,2016-09-26
15,-25.84,0.0,0.4,510.825623766,2016-09-26
16,-26.06,0.0,0.425,553.385238185,2016-09-26
17,-26.47,0.0,0.45,597.837000756,2016-09-26
18,-26.54,0.0,0.475,644.357016391,2016-09-26
19,-26.82,0.0,0.5,693.14718056,2016-09-26
20,-26.85,0.0,0.525,744.440474947,2016-09-26
21,-26.86,0.0,0.55,798.507696218,2016-09-26
22,-26.98,0.0,0.575,855.666110058,2016-09-26
23,-27.01,0.0,0.6,916.290731874,2016-09-26
24,-27.08,0.0,0.625,980.829253012,2016-09-26
25,-27.19,0.0,0.65,1049.8221245,2016-09-26
26,-27.22,0.0,0.675,1123.93009665,2016-09-26
27,-27.27,0.0,0.7,1203.97280433,2016-09-26
28,-27.35,0.0,0.725,1290.98418132,2016-09-26
29,-27.41,0.0,0.75,1386.29436112,2016-09-26
30,-27.81,0.0,0.775,1491.65487678,2016-09-26
31,-27.86,0.0,0.8,1609.43791243,2016-09-26
32,-27.9,0.0,0.825,1742.96930506,2016-09-26
33,-27.92,0.0,0.85,1897.11998489,2016-09-26
34,-27.98,0.0,0.875,2079.44154168,2016-09-26
35,-28.28,0.0,0.9,2302.58509299,2016-09-26
36,-28.42,0.0,0.925,2590.26716545,2016-09-26
37,-28.44,0.0,0.95,2995.73227355,2016-09-26
38,-29.09,0.0,0.975,3688.87945411,2016-09-26
39,-29.13,0.0,1.0,inf,2016-09-26
0,-23.49,0.0,0.0222222222222,-0.0,2016-09-30
1,-23.53,0.0,0.0444444444444,22.4728558521,2016-09-30
2,-24.39,0.0,0.0666666666667,45.4623740768,2016-09-30
3,-24.61,0.0,0.0888888888889,68.992871487,2016-09-30
4,-24.83,0.0,0.111111111111,93.090423066,2016-09-30
5,-24.84,0.0,0.133333333333,117.783035656,2016-09-30
6,-24.88,0.0,0.155555555556,143.100843641,2016-09-30
7,-24.92,0.0,0.177777777778,169.076330044,2016-09-30
8,-24.99,0.0,0.2,195.744577126,2016-09-30
9,-25.39,0.0,0.222222222222,223.143551314,2016-09-30
10,-25.56,0.0,0.244444444444,251.314428281,2016-09-30
11,-25.83,0.0,0.266666666667,280.301965154,2016-09-30
12,-25.87,0.0,0.288888888889,310.154928304,2016-09-30
13,-25.87,0.0,0.311111111111,340.926586971,2016-09-30
14,-26.06,0.0,0.333333333333,372.675285285,2016-09-30
15,-26.06,0.0,0.355555555556,405.465108108,2016-09-30
16,-26.18,0.0,0.377777777778,439.366659784,2016-09-30
17,-26.31,0.0,0.4,474.457979595,2016-09-30
18,-26.53,0.0,0.422222222222,510.825623766,2016-09-30
19,-26.55,0.0,0.444444444444,548.565951749,2016-09-30
20,-27.04,0.0,0.466666666667,587.786664902,2016-09-30
21,-27.06,0.0,0.488888888889,628.608659422,2016-09-30
22,-27.07,0.0,0.511111111111,671.168273841,2016-09-30
23,-27.1,0.0,0.533333333333,715.620036412,2016-09-30
24,-27.14,0.0,0.555555555556,762.140052047,2016-09-30
25,-27.3,0.0,0.577777777778,810.930216216,2016-09-30
26,-27.36,0.0,0.6,862.223510604,2016-09-30
27,-27.43,0.0,0.622222222222,916.290731874,2016-09-30
28,-27.56,0.0,0.644444444444,973.449145714,2016-09-30
29,-27.82,0.0,0.666666666667,1034.07376753,2016-09-30
30,-27.89,0.0,0.688888888889,1098.61228867,2016-09-30
31,-27.91,0.0,0.711111111111,1167.60516016,2016-09-30
32,-28.19,0.0,0.733333333333,1241.71313231,2016-09-30
33,-28.33,0.0,0.755555555556,1321.75583998,2016-09-30
34,-28.51,0.0,0.777777777778,1408.76721697,2016-09-30
35,-28.57,0.0,0.8,1504.07739678,2016-09-30
36,-28.74,0.0,0.822222222222,1609.43791243,2016-09-30
37,-28.83,0.0,0.844444444444,1727.22094809,2016-09-30
38,-28.87,0.0,0.866666666667,1860.75234072,2016-09-30
39,-29.1,0.0,0.888888888889,2014.90302054,2016-09-30
40,-30.08,0.0,0.911111111111,2197.22457734,2016-09-30
41,-30.29,0.0,0.933333333333,2420.36812865,2016-09-30
42,-30.56,0.0,0.955555555556,2708.0502011,2016-09-30
43,-30.89,0.0,0.977777777778,3113.51530921,2016-09-30
44,-31.3,0.0,1.0,3806.66248977,2016-09-30
0,-23.23,0.0,0.0227272727273,-0.0,2016-10-04
1,-23.76,0.0,0.0454545454545,22.9895182247,2016-10-04
2,-24.61,0.0,0.0681818181818,46.5200156349,2016-10-04
3,-25.08,0.0,0.0909090909091,70.617567214,2016-10-04
4,-25.38,0.0,0.113636363636,95.3101798043,2016-10-04
5,-25.53,0.0,0.136363636364,120.627987789,2016-10-04
6,-25.59,0.0,0.159090909091,146.603474192,2016-10-04
7,-25.66,0.0,0.181818181818,173.271721274,2016-10-04
8,-25.74,0.0,0.204545454545,200.670695462,2016-10-04
9,-25.76,0.0,0.227272727273,228.841572429,2016-10-04
10,-26.06,0.0,0.25,257.829109302,2016-10-04
11,-26.12,0.0,0.272727272727,287.682072452,2016-10-04
12,-26.15,0.0,0.295454545455,318.453731119,2016-10-04
13,-26.21,0.0,0.318181818182,350.202429433,2016-10-04
14,-26.34,0.0,0.340909090909,382.992252256,2016-10-04
15,-26.42,0.0,0.363636363636,416.893803932,2016-10-04
16,-26.52,0.0,0.386363636364,451.985123743,2016-10-04
17,-26.77,0.0,0.409090909091,488.352767914,2016-10-04
18,-26.86,0.0,0.431818181818,526.093095897,2016-10-04
19,-27.18,0.0,0.454545454545,565.31380905,2016-10-04
20,-27.24,0.0,0.477272727273,606.13580357,2016-10-04
21,-27.32,0.0,0.5,648.695417989,2016-10-04
22,-27.39,0.0,0.522727272727,693.14718056,2016-10-04
23,-27.43,0.0,0.545454545455,739.667196195,2016-10-04
24,-27.47,0.0,0.568181818182,788.457360364,2016-10-04
25,-27.63,0.0,0.590909090909,839.750654752,2016-10-04
26,-27.7,0.0,0.613636363636,893.817876022,2016-10-04
27,-27.73,0.0,0.636363636364,950.976289862,2016-10-04
28,-27.75,0.0,0.659090909091,1011.60091168,2016-10-04
29,-27.78,0.0,0.681818181818,1076.13943282,2016-10-04
30,-27.81,0.0,0.704545454545,1145.1323043,2016-10-04
31,-27.84,0.0,0.727272727273,1219.24027646,2016-10-04
32,-27.84,0.0,0.75,1299.28298413,2016-10-04
33,-27.89,0.0,0.772727272727,1386.29436112,2016-10-04
34,-27.95,0.0,0.795454545455,1481.60454092,2016-10-04
35,-28.15,0.0,0.818181818182,1586.96505658,2016-10-04
36,-28.37,0.0,0.840909090909,1704.74809224,2016-10-04
37,-28.5,0.0,0.863636363636,1838.27948486,2016-10-04
38,-28.51,0.0,0.886363636364,1992.43016469,2016-10-04
39,-28.79,0.0,0.909090909091,2174.75172148,2016-10-04
40,-28.95,0.0,0.931818181818,2397.8952728,2016-10-04
41,-28.99,0.0,0.954545454545,2685.57734525,2016-10-04
42,-29.06,0.0,0.977272727273,3091.04245336,2016-10-04
43,-29.07,0.0,1.0,3784.18963392,2016-10-04
0,-22.31,0.0,0.0232558139535,-0.0,2016-10-11
1,-22.6,0.0,0.046511627907,23.5304974102,2016-10-11
2,-24.47,0.0,0.0697674418605,47.6280489893,2016-10-11
3,-24.64,0.0,0.093023255814,72.3206615796,2016-10-11
4,-24.94,0.0,0.116279069767,97.6384695639,2016-10-11
5,-25.17,0.0,0.139534883721,123.613955967,2016-10-11
6,-25.28,0.0,0.162790697674,150.282203049,2016-10-11
7,-25.58,0.0,0.186046511628,177.681177237,2016-10-11
8,-25.61,0.0,0.209302325581,205.852054204,2016-10-11
9,-25.68,0.0,0.232558139535,234.839591077,2016-10-11
10,-26.03,0.0,0.255813953488,264.692554227,2016-10-11
11,-26.15,0.0,0.279069767442,295.464212894,2016-10-11
12,-26.24,0.0,0.302325581395,327.212911208,2016-10-11
13,-26.34,0.0,0.325581395349,360.002734031,2016-10-11
14,-26.42,0.0,0.348837209302,393.904285707,2016-10-11
15,-26.59,0.0,0.372093023256,428.995605518,2016-10-11
16,-26.6,0.0,0.395348837209,465.363249689,2016-10-11
17,-26.62,0.0,0.418604651163,503.103577672,2016-10-11
18,-26.81,0.0,0.441860465116,542.324290825,2016-10-11
19,-27.14,0.0,0.46511627907,583.146285346,2016-10-11
20,-27.19,0.0,0.488372093023,625.705899764,2016-10-11
21,-27.37,0.0,0.511627906977,670.157662335,2016-10-11
22,-27.42,0.0,0.53488372093,716.67767797,2016-10-11
23,-27.45,0.0,0.558139534884,765.46784214,2016-10-11
24,-27.61,0.0,0.581395348837,816.761136527,2016-10-11
25,-27.77,0.0,0.604651162791,870.828357797,2016-10-11
26,-27.97,0.0,0.627906976744,927.986771637,2016-10-11
27,-28.07,0.0,0.651162790698,988.611393454,2016-10-11
28,-28.28,0.0,0.674418604651,1053.14991459,2016-10-11
29,-28.42,0.0,0.697674418605,1122.14278608,2016-10-11
30,-28.59,0.0,0.720930232558,1196.25075823,2016-10-11
31,-28.71,0.0,0.744186046512,1276.29346591,2016-10-11
32,-28.74,0.0,0.767441860465,1363.3048429,2016-10-11
33,-28.77,0.0,0.790697674419,1458.6150227,2016-10-11
34,-28.77,0.0,0.813953488372,1563.97553836,2016-10-11
35,-28.97,0.0,0.837209302326,1681.75857401,2016-10-11
36,-29.05,0.0,0.860465116279,1815.28996664,2016-10-11
37,-29.1,0.0,0.883720930233,1969.44064647,2016-10-11
38,-30.04,0.0,0.906976744186,2151.76220326,2016-10-11
39,-30.34,0.0,0.93023255814,2374.90575457,2016-10-11
40,-31.0,0.0,0.953488372093,2662.58782703,2016-10-11
41,-31.48,0.0,0.976744186047,3068.05293513,2016-10-11
42,-31.59,0.0,1.0,3761.20011569,2016-10-11
0,-17.42,0.0,0.0263157894737,-0.0,2016-10-13
1,-22.26,0.0,0.0526315789474,26.6682470822,2016-10-13
2,-23.68,0.0,0.0789473684211,54.0672212703,2016-10-13
3,-24.29,0.0,0.105263157895,82.238098237,2016-10-13
4,-25.04,0.0,0.131578947368,111.22563511,2016-10-13
5,-25.13,0.0,0.157894736842,141.07859826,2016-10-13
6,-25.15,0.0,0.184210526316,171.850256927,2016-10-13
7,-25.6,0.0,0.210526315789,203.598955241,2016-10-13
8,-25.93,0.0,0.236842105263,236.388778064,2016-10-13
9,-25.95,0.0,0.263157894737,270.29032974,2016-10-13
10,-26.58,0.0,0.289473684211,305.381649551,2016-10-13
11,-27.02,0.0,0.315789473684,341.749293722,2016-10-13
12,-27.15,0.0,0.342105263158,379.489621705,2016-10-13
13,-27.17,0.0,0.368421052632,418.710334858,2016-10-13
14,-27.21,0.0,0.394736842105,459.532329378,2016-10-13
15,-27.78,0.0,0.421052631579,502.091943797,2016-10-13
16,-28.07,0.0,0.447368421053,546.543706368,2016-10-13
17,-28.3,0.0,0.473684210526,593.063722003,2016-10-13
18,-28.46,0.0,0.5,641.853886172,2016-10-13
19,-29.08,0.0,0.526315789474,693.14718056,2016-10-13
20,-29.22,0.0,0.552631578947,747.21440183,2016-10-13
21,-29.29,0.0,0.578947368421,804.37281567,2016-10-13
22,-29.48,0.0,0.605263157895,864.997437487,2016-10-13
23,-29.68,0.0,0.631578947368,929.535958624,2016-10-13
24,-29.72,0.0,0.657894736842,998.528830111,2016-10-13
25,-29.84,0.0,0.684210526316,1072.63680226,2016-10-13
26,-29.91,0.0,0.710526315789,1152.67950994,2016-10-13
27,-29.97,0.0,0.736842105263,1239.69088693,2016-10-13
28,-30.21,0.0,0.763157894737,1335.00106673,2016-10-13
29,-30.43,0.0,0.789473684211,1440.36158239,2016-10-13
30,-30.45,0.0,0.815789473684,1558.14461805,2016-10-13
31,-30.77,0.0,0.842105263158,1691.67601067,2016-10-13
32,-30.78,0.0,0.868421052632,1845.8266905,2016-10-13
33,-30.85,0.0,0.894736842105,2028.14824729,2016-10-13
34,-31.61,0.0,0.921052631579,2251.29179861,2016-10-13
35,-31.96,0.0,0.947368421053,2538.97387106,2016-10-13
36,-34.96,0.0,0.973684210526,2944.43897917,2016-10-13
37,-35.02,0.0,1.0,3637.58615973,2016-10-13
0,-23.36,0.0,0.025,-0.0,2016-10-13
1,-24.68,0.0,0.05,25.3178079843,2016-10-13
2,-24.81,0.0,0.075,51.2932943876,2016-10-13
3,-25.0,0.0,0.1,77.9615414697,2016-10-13
4,-25.3,0.0,0.125,105.360515658,2016-10-13
5,-25.7,0.0,0.15,133.531392625,2016-10-13
6,-26.1,0.0,0.175,162.518929498,2016-10-13
7,-26.32,0.0,0.2,192.371892647,2016-10-13
8,-26.58,0.0,0.225,223.143551314,2016-10-13
9,-26.8,0.0,0.25,254.892249629,2016-10-13
10,-26.84,0.0,0.275,287.682072452,2016-10-13
11,-26.87,0.0,0.3,321.583624127,2016-10-13
12,-26.98,0.0,0.325,356.674943939,2016-10-13
13,-27.09,0.0,0.35,393.04258811,2016-10-13
14,-27.11,0.0,0.375,430.782916092,2016-10-13
15,-27.32,0.0,0.4,470.003629246,2016-10-13
16,-27.4,0.0,0.425,510.825623766,2016-10-13
17,-27.77,0.0,0.45,553.385238185,2016-10-13
18,-27.82,0.0,0.475,597.837000756,2016-10-13
19,-27.97,0.0,0.5,644.357016391,2016-10-13
20,-28.04,0.0,0.525,693.14718056,2016-10-13
21,-28.17,0.0,0.55,744.440474947,2016-10-13
22,-28.22,0.0,0.575,798.507696218,2016-10-13
23,-28.22,0.0,0.6,855.666110058,2016-10-13
24,-28.43,0.0,0.625,916.290731874,2016-10-13
25,-28.47,0.0,0.65,980.829253012,2016-10-13
26,-28.51,0.0,0.675,1049.8221245,2016-10-13
27,-28.58,0.0,0.7,1123.93009665,2016-10-13
28,-28.58,0.0,0.725,1203.97280433,2016-10-13
29,-28.76,0.0,0.75,1290.98418132,2016-10-13
30,-29.17,0.0,0.775,1386.29436112,2016-10-13
31,-29.74,0.0,0.8,1491.65487678,2016-10-13
32,-29.8,0.0,0.825,1609.43791243,2016-10-13
33,-29.85,0.0,0.85,1742.96930506,2016-10-13
34,-30.23,0.0,0.875,1897.11998489,2016-10-13
35,-30.42,0.0,0.9,2079.44154168,2016-10-13
36,-31.68,0.0,0.925,2302.58509299,2016-10-13
37,-32.55,0.0,0.95,2590.26716545,2016-10-13
38,-33.32,0.0,0.975,2995.73227355,2016-10-13
39,-33.32,0.0,1.0,3688.87945411,2016-10-13
0,-23.77,0.0,0.0208333333333,-0.0,2016-10-13
1,-23.92,0.0,0.0416666666667,21.0534091978,2016-10-13
2,-23.94,0.0,0.0625,42.5596144188,2016-10-13
3,-24.04,0.0,0.0833333333333,64.5385211376,2016-10-13
4,-24.05,0.0,0.104166666667,87.0113769896,2016-10-13
5,-24.46,0.0,0.125,110.000895214,2016-10-13
6,-24.46,0.0,0.145833333333,133.531392625,2016-10-13
7,-24.46,0.0,0.166666666667,157.628944204,2016-10-13
8,-24.46,0.0,0.1875,182.321556794,2016-10-13
9,-24.63,0.0,0.208333333333,207.639364778,2016-10-13
10,-24.63,0.0,0.229166666667,233.614851182,2016-10-13
11,-24.73,0.0,0.25,260.283098264,2016-10-13
12,-24.76,0.0,0.270833333333,287.682072452,2016-10-13
13,-25.06,0.0,0.291666666667,315.852949418,2016-10-13
14,-25.06,0.0,0.3125,344.840486292,2016-10-13
15,-25.31,0.0,0.333333333333,374.693449441,2016-10-13
16,-25.37,0.0,0.354166666667,405.465108108,2016-10-13
17,-25.54,0.0,0.375,437.213806423,2016-10-13
18,-25.69,0.0,0.395833333333,470.003629246,2016-10-13
19,-25.86,0.0,0.416666666667,503.905180921,2016-10-13
20,-25.86,0.0,0.4375,538.996500733,2016-10-13
21,-26.17,0.0,0.458333333333,575.364144904,2016-10-13
22,-26.17,0.0,0.479166666667,613.104472886,2016-10-13
23,-26.33,0.0,0.5,652.32518604,2016-10-13
24,-26.58,0.0,0.520833333333,693.14718056,2016-10-13
25,-26.65,0.0,0.541666666667,735.706794979,2016-10-13
26,-27.06,0.0,0.5625,780.15855755,2016-10-13
27,-27.36,0.0,0.583333333333,826.678573184,2016-10-13
28,-27.4,0.0,0.604166666667,875.468737354,2016-10-13
29,-27.81,0.0,0.625,926.762031741,2016-10-13
30,-27.85,0.0,0.645833333333,980.829253012,2016-10-13
31,-27.92,0.0,0.666666666667,1037.98766685,2016-10-13
32,-28.14,0.0,0.6875,1098.61228867,2016-10-13
33,-28.51,0.0,0.708333333333,1163.15080981,2016-10-13
34,-28.63,0.0,0.729166666667,1232.14368129,2016-10-13
35,-28.73,0.0,0.75,1306.25165345,2016-10-13
36,-29.01,0.0,0.770833333333,1386.29436112,2016-10-13
37,-29.01,0.0,0.791666666667,1473.30573811,2016-10-13
38,-29.21,0.0,0.8125,1568.61591791,2016-10-13
39,-29.5,0.0,0.833333333333,1673.97643357,2016-10-13
40,-29.79,0.0,0.854166666667,1791.75946923,2016-10-13
41,-30.17,0.0,0.875,1925.29086185,2016-10-13
42,-30.17,0.0,0.895833333333,2079.44154168,2016-10-13
43,-31.13,0.0,0.916666666667,2261.76309847,2016-10-13
44,-31.9,0.0,0.9375,2484.90664979,2016-10-13
45,-32.33,0.0,0.958333333333,2772.58872224,2016-10-13
46,-32.4,0.0,0.979166666667,3178.05383035,2016-10-13
47,-32.68,0.0,1.0,3871.20101091,2016-10-13
0,-21.76,0.0,0.037037037037,-0.0,2016-10-18
1,-21.78,0.0,0.0740740740741,37.7403279828,2016-10-18
2,-22.79,0.0,0.111111111111,76.9610411361,2016-10-18
3,-23.69,0.0,0.148148148148,117.783035656,2016-10-18
4,-24.07,0.0,0.185185185185,160.342650075,2016-10-18
5,-24.14,0.0,0.222222222222,204.794412646,2016-10-18
6,-24.19,0.0,0.259259259259,251.314428281,2016-10-18
7,-24.3,0.0,0.296296296296,300.10459245,2016-10-18
8,-24.38,0.0,0.333333333333,351.397886838,2016-10-18
9,-24.43,0.0,0.37037037037,405.465108108,2016-10-18
10,-24.5,0.0,0.407407407407,462.623521948,2016-10-18
11,-24.57,0.0,0.444444444444,523.248143765,2016-10-18
12,-25.05,0.0,0.481481481481,587.786664902,2016-10-18
13,-25.11,0.0,0.518518518519,656.779536389,2016-10-18
14,-25.14,0.0,0.555555555556,730.887508543,2016-10-18
15,-25.19,0.0,0.592592592593,810.930216216,2016-10-18
16,-25.68,0.0,0.62962962963,897.941593206,2016-10-18
17,-25.91,0.0,0.666666666667,993.25177301,2016-10-18
18,-26.12,0.0,0.703703703704,1098.61228867,2016-10-18
19,-26.36,0.0,0.740740740741,1216.39532432,2016-10-18
20,-26.83,0.0,0.777777777778,1349.92671695,2016-10-18
21,-27.02,0.0,0.814814814815,1504.07739678,2016-10-18
22,-27.13,0.0,0.851851851852,1686.39895357,2016-10-18
23,-27.13,0.0,0.888888888889,1909.54250488,2016-10-18
24,-27.24,0.0,0.925925925926,2197.22457734,2016-10-18
25,-27.82,0.0,0.962962962963,2602.68968544,2016-10-18
26,-28.07,0.0,1.0,3295.836866,2016-10-18
0,-16.93,0.0,0.0178571428571,-0.0,2016-10-19
1,-17.58,0.0,0.0357142857143,18.0185055027,2016-10-19
2,-17.77,0.0,0.0535714285714,36.3676441709,2016-10-19
3,-21.43,0.0,0.0714285714286,55.059777183,2016-10-19
4,-21.73,0.0,0.0892857142857,74.1079721537,2016-10-19
5,-21.92,0.0,0.107142857143,93.5260580108,2016-10-19
6,-22.28,0.0,0.125,113.328685307,2016-10-19
7,-22.32,0.0,0.142857142857,133.531392625,2016-10-19
8,-22.67,0.0,0.160714285714,154.150679827,2016-10-19
9,-22.69,0.0,0.178571428571,175.204089025,2016-10-19
10,-23.21,0.0,0.196428571429,196.710294246,2016-10-19
11,-23.33,0.0,0.214285714286,218.689200965,2016-10-19
12,-23.41,0.0,0.232142857143,241.162056817,2016-10-19
13,-23.44,0.0,0.25,264.151575042,2016-10-19
14,-23.59,0.0,0.267857142857,287.682072452,2016-10-19
15,-23.61,0.0,0.285714285714,311.779624031,2016-10-19
16,-23.67,0.0,0.303571428571,336.472236621,2016-10-19
17,-24.03,0.0,0.321428571429,361.790044606,2016-10-19
18,-24.23,0.0,0.339285714286,387.765531009,2016-10-19
19,-24.31,0.0,0.357142857143,414.433778091,2016-10-19
20,-24.38,0.0,0.375,441.832752279,2016-10-19
21,-24.4,0.0,0.392857142857,470.003629246,2016-10-19
22,-24.72,0.0,0.410714285714,498.991166119,2016-10-19
23,-24.82,0.0,0.428571428571,528.844129269,2016-10-19
24,-24.9,0.0,0.446428571429,559.615787935,2016-10-19
25,-24.95,0.0,0.464285714286,591.36448625,2016-10-19
26,-25.41,0.0,0.482142857143,624.154309073,2016-10-19
27,-25.53,0.0,0.5,658.055860749,2016-10-19
28,-25.61,0.0,0.517857142857,693.14718056,2016-10-19
29,-25.72,0.0,0.535714285714,729.514824731,2016-10-19
30,-25.83,0.0,0.553571428571,767.255152714,2016-10-19
31,-25.83,0.0,0.571428571429,806.475865867,2016-10-19
32,-25.9,0.0,0.589285714286,847.297860387,2016-10-19
33,-25.97,0.0,0.607142857143,889.857474806,2016-10-19
34,-26.0,0.0,0.625,934.309237377,2016-10-19
35,-26.11,0.0,0.642857142857,980.829253012,2016-10-19
36,-26.11,0.0,0.660714285714,1029.61941718,2016-10-19
37,-26.16,0.0,0.678571428571,1080.91271157,2016-10-19
38,-26.17,0.0,0.696428571429,1134.97993284,2016-10-19
39,-26.21,0.0,0.714285714286,1192.13834668,2016-10-19
40,-26.28,0.0,0.732142857143,1252.7629685,2016-10-19
41,-26.41,0.0,0.75,1317.30148963,2016-10-19
42,-26.48,0.0,0.767857142857,1386.29436112,2016-10-19
43,-26.57,0.0,0.785714285714,1460.40233327,2016-10-19
44,-26.77,0.0,0.803571428571,1540.44504095,2016-10-19
45,-26.91,0.0,0.821428571429,1627.45641794,2016-10-19
46,-26.93,0.0,0.839285714286,1722.76659774,2016-10-19
47,-27.27,0.0,0.857142857143,1828.1271134,2016-10-19
48,-27.34,0.0,0.875,1945.91014906,2016-10-19
49,-27.91,0.0,0.892857142857,2079.44154168,2016-10-19
50,-28.07,0.0,0.910714285714,2233.59222151,2016-10-19
51,-28.07,0.0,0.928571428571,2415.9137783,2016-10-19
52,-28.61,0.0,0.946428571429,2639.05732962,2016-10-19
53,-28.61,0.0,0.964285714286,2926.73940207,2016-10-19
54,-29.28,0.0,0.982142857143,3332.20451018,2016-10-19
55,-29.64,0.0,1.0,4025.35169074,2016-10-19
0,-22.5,0.0,0.0204081632653,-0.0,2016-10-20
1,-23.07,0.0,0.0408163265306,20.6192872027,2016-10-20
2,-23.3,0.0,0.0612244897959,41.6726964006,2016-10-20
3,-23.3,0.0,0.0816326530612,63.1789016215,2016-10-20
4,-23.39,0.0,0.102040816327,85.1578083403,2016-10-20
5,-23.49,0.0,0.122448979592,107.630664192,2016-10-20
6,-23.77,0.0,0.142857142857,130.620182417,2016-10-20
7,-24.34,0.0,0.163265306122,154.150679827,2016-10-20
8,-24.34,0.0,0.183673469388,178.248231406,2016-10-20
9,-24.41,0.0,0.204081632653,202.940843997,2016-10-20
10,-24.43,0.0,0.224489795918,228.258651981,2016-10-20
11,-24.61,0.0,0.244897959184,254.234138384,2016-10-20
12,-24.8,0.0,0.265306122449,280.902385466,2016-10-20
13,-24.82,0.0,0.285714285714,308.301359655,2016-10-20
14,-25.1,0.0,0.30612244898,336.472236621,2016-10-20
15,-25.15,0.0,0.326530612245,365.459773494,2016-10-20
16,-25.32,0.0,0.34693877551,395.312736644,2016-10-20
17,-25.66,0.0,0.367346938776,426.084395311,2016-10-20
18,-25.79,0.0,0.387755102041,457.833093625,2016-10-20
19,-25.81,0.0,0.408163265306,490.622916448,2016-10-20
20,-25.85,0.0,0.428571428571,524.524468124,2016-10-20
21,-25.95,0.0,0.448979591837,559.615787935,2016-10-20
22,-26.16,0.0,0.469387755102,595.983432106,2016-10-20
23,-26.16,0.0,0.489795918367,633.723760089,2016-10-20
24,-26.16,0.0,0.510204081633,672.944473242,2016-10-20
25,-26.58,0.0,0.530612244898,713.766467763,2016-10-20
26,-26.68,0.0,0.551020408163,756.326082181,2016-10-20
27,-26.74,0.0,0.571428571429,800.777844752,2016-10-20
28,-26.81,0.0,0.591836734694,847.297860387,2016-10-20
29,-26.81,0.0,0.612244897959,896.088024557,2016-10-20
30,-26.94,0.0,0.632653061224,947.381318944,2016-10-20
31,-26.99,0.0,0.65306122449,1001.44854021,2016-10-20
32,-27.07,0.0,0.673469387755,1058.60695405,2016-10-20
33,-27.16,0.0,0.69387755102,1119.23157587,2016-10-20
34,-27.16,0.0,0.714285714286,1183.77009701,2016-10-20
35,-27.58,0.0,0.734693877551,1252.7629685,2016-10-20
36,-27.68,0.0,0.755102040816,1326.87094065,2016-10-20
37,-28.06,0.0,0.775510204082,1406.91364832,2016-10-20
38,-28.13,0.0,0.795918367347,1493.92502531,2016-10-20
39,-28.15,0.0,0.816326530612,1589.23520512,2016-10-20
40,-28.38,0.0,0.836734693878,1694.59572077,2016-10-20
41,-28.44,0.0,0.857142857143,1812.37875643,2016-10-20
42,-28.68,0.0,0.877551020408,1945.91014906,2016-10-20
43,-28.73,0.0,0.897959183673,2100.06082888,2016-10-20
44,-28.88,0.0,0.918367346939,2282.38238568,2016-10-20
45,-29.07,0.0,0.938775510204,2505.52593699,2016-10-20
46,-29.65,0.0,0.959183673469,2793.20800944,2016-10-20
47,-30.4,0.0,0.979591836735,3198.67311755,2016-10-20
48,-30.41,0.0,1.0,3891.82029811,2016-10-20
0,-17.96,0.0,0.0178571428571,-0.0,2016-10-21
1,-18.17,0.0,0.0357142857143,18.0185055027,2016-10-21
2,-18.69,0.0,0.0535714285714,36.3676441709,2016-10-21
3,-21.59,0.0,0.0714285714286,55.059777183,2016-10-21
4,-22.01,0.0,0.0892857142857,74.1079721537,2016-10-21
5,-22.67,0.0,0.107142857143,93.5260580108,2016-10-21
6,-23.04,0.0,0.125,113.328685307,2016-10-21
7,-23.29,0.0,0.142857142857,133.531392625,2016-10-21
8,-23.38,0.0,0.160714285714,154.150679827,2016-10-21
9,-23.72,0.0,0.178571428571,175.204089025,2016-10-21
10,-24.52,0.0,0.196428571429,196.710294246,2016-10-21
11,-24.61,0.0,0.214285714286,218.689200965,2016-10-21
12,-24.77,0.0,0.232142857143,241.162056817,2016-10-21
13,-24.8,0.0,0.25,264.151575042,2016-10-21
14,-24.89,0.0,0.267857142857,287.682072452,2016-10-21
15,-24.94,0.0,0.285714285714,311.779624031,2016-10-21
16,-25.05,0.0,0.303571428571,336.472236621,2016-10-21
17,-25.22,0.0,0.321428571429,361.790044606,2016-10-21
18,-25.22,0.0,0.339285714286,387.765531009,2016-10-21
19,-25.29,0.0,0.357142857143,414.433778091,2016-10-21
20,-25.33,0.0,0.375,441.832752279,2016-10-21
21,-25.65,0.0,0.392857142857,470.003629246,2016-10-21
22,-25.65,0.0,0.410714285714,498.991166119,2016-10-21
23,-25.71,0.0,0.428571428571,528.844129269,2016-10-21
24,-25.93,0.0,0.446428571429,559.615787935,2016-10-21
25,-25.95,0.0,0.464285714286,591.36448625,2016-10-21
26,-26.04,0.0,0.482142857143,624.154309073,2016-10-21
27,-26.06,0.0,0.5,658.055860749,2016-10-21
28,-26.12,0.0,0.517857142857,693.14718056,2016-10-21
29,-26.19,0.0,0.535714285714,729.514824731,2016-10-21
30,-26.34,0.0,0.553571428571,767.255152714,2016-10-21
31,-26.34,0.0,0.571428571429,806.475865867,2016-10-21
32,-26.4,0.0,0.589285714286,847.297860387,2016-10-21
33,-26.52,0.0,0.607142857143,889.857474806,2016-10-21
34,-26.62,0.0,0.625,934.309237377,2016-10-21
35,-26.86,0.0,0.642857142857,980.829253012,2016-10-21
36,-26.86,0.0,0.660714285714,1029.61941718,2016-10-21
37,-26.88,0.0,0.678571428571,1080.91271157,2016-10-21
38,-27.03,0.0,0.696428571429,1134.97993284,2016-10-21
39,-27.19,0.0,0.714285714286,1192.13834668,2016-10-21
40,-27.19,0.0,0.732142857143,1252.7629685,2016-10-21
41,-27.25,0.0,0.75,1317.30148963,2016-10-21
42,-27.32,0.0,0.767857142857,1386.29436112,2016-10-21
43,-27.41,0.0,0.785714285714,1460.40233327,2016-10-21
44,-27.58,0.0,0.803571428571,1540.44504095,2016-10-21
45,-27.62,0.0,0.821428571429,1627.45641794,2016-10-21
46,-27.64,0.0,0.839285714286,1722.76659774,2016-10-21
47,-27.66,0.0,0.857142857143,1828.1271134,2016-10-21
48,-27.89,0.0,0.875,1945.91014906,2016-10-21
49,-27.91,0.0,0.892857142857,2079.44154168,2016-10-21
50,-28.25,0.0,0.910714285714,2233.59222151,2016-10-21
51,-28.34,0.0,0.928571428571,2415.9137783,2016-10-21
52,-28.62,0.0,0.946428571429,2639.05732962,2016-10-21
53,-28.95,0.0,0.964285714286,2926.73940207,2016-10-21
54,-29.56,0.0,0.982142857143,3332.20451018,2016-10-21
55,-29.77,0.0,1.0,4025.35169074,2016-10-21
0,-23.38,0.0,0.027027027027,-0.0,2016-10-25
1,-24.23,0.0,0.0540540540541,27.3989741881,2016-10-25
2,-24.27,0.0,0.0810810810811,55.5698511548,2016-10-25
3,-24.58,0.0,0.108108108108,84.5573880281,2016-10-25
4,-24.73,0.0,0.135135135135,114.410351178,2016-10-25
5,-25.17,0.0,0.162162162162,145.182009844,2016-10-25
6,-25.2,0.0,0.189189189189,176.930708159,2016-10-25
7,-25.51,0.0,0.216216216216,209.720530982,2016-10-25
8,-25.81,0.0,0.243243243243,243.622082658,2016-10-25
9,-25.87,0.0,0.27027027027,278.713402469,2016-10-25
10,-25.87,0.0,0.297297297297,315.08104664,2016-10-25
11,-26.09,0.0,0.324324324324,352.821374623,2016-10-25
12,-26.29,0.0,0.351351351351,392.042087776,2016-10-25
13,-26.3,0.0,0.378378378378,432.864082296,2016-10-25
14,-26.41,0.0,0.405405405405,475.423696715,2016-10-25
15,-26.54,0.0,0.432432432432,519.875459286,2016-10-25
16,-27.07,0.0,0.459459459459,566.395474921,2016-10-25
17,-27.14,0.0,0.486486486486,615.18563909,2016-10-25
18,-27.25,0.0,0.513513513514,666.478933478,2016-10-25
19,-27.36,0.0,0.540540540541,720.546154748,2016-10-25
20,-27.84,0.0,0.567567567568,777.704568588,2016-10-25
21,-28.11,0.0,0.594594594595,838.329190404,2016-10-25
22,-28.27,0.0,0.621621621622,902.867711542,2016-10-25
23,-28.35,0.0,0.648648648649,971.860583029,2016-10-25
24,-28.46,0.0,0.675675675676,1045.96855518,2016-10-25
25,-28.65,0.0,0.702702702703,1126.01126286,2016-10-25
26,-28.74,0.0,0.72972972973,1213.02263985,2016-10-25
27,-29.01,0.0,0.756756756757,1308.33281965,2016-10-25
28,-29.05,0.0,0.783783783784,1413.69333531,2016-10-25
29,-29.15,0.0,0.810810810811,1531.47637096,2016-10-25
30,-29.73,0.0,0.837837837838,1665.00776359,2016-10-25
31,-30.29,0.0,0.864864864865,1819.15844342,2016-10-25
32,-30.55,0.0,0.891891891892,2001.48000021,2016-10-25
33,-30.68,0.0,0.918918918919,2224.62355152,2016-10-25
34,-31.06,0.0,0.945945945946,2512.30562398,2016-10-25
35,-31.32,0.0,0.972972972973,2917.77073208,2016-10-25
36,-31.87,0.0,1.0,3610.91791264,2016-10-25
0,-22.52,0.0,0.025641025641,-0.0,2016-10-25
1,-23.2,0.0,0.0512820512821,25.9754864033,2016-10-25
2,-23.33,0.0,0.0769230769231,52.6437334854,2016-10-25
3,-23.68,0.0,0.102564102564,80.0427076735,2016-10-25
4,-23.75,0.0,0.128205128205,108.21358464,2016-10-25
5,-23.75,0.0,0.153846153846,137.201121513,2016-10-25
6,-23.97,0.0,0.179487179487,167.054084663,2016-10-25
7,-24.13,0.0,0.205128205128,197.82574333,2016-10-25
8,-24.44,0.0,0.230769230769,229.574441645,2016-10-25
9,-24.5,0.0,0.25641025641,262.364264467,2016-10-25
10,-24.57,0.0,0.282051282051,296.265816143,2016-10-25
11,-24.68,0.0,0.307692307692,331.357135954,2016-10-25
12,-24.68,0.0,0.333333333333,367.724780125,2016-10-25
13,-24.8,0.0,0.358974358974,405.465108108,2016-10-25
14,-24.91,0.0,0.384615384615,444.685821261,2016-10-25
15,-24.97,0.0,0.410256410256,485.507815782,2016-10-25
16,-25.14,0.0,0.435897435897,528.0674302,2016-10-25
17,-25.24,0.0,0.461538461538,572.519192771,2016-10-25
18,-25.41,0.0,0.487179487179,619.039208406,2016-10-25
19,-25.5,0.0,0.512820512821,667.829372576,2016-10-25
20,-26.06,0.0,0.538461538462,719.122666963,2016-10-25
21,-26.15,0.0,0.564102564103,773.189888233,2016-10-25
22,-26.21,0.0,0.589743589744,830.348302073,2016-10-25
23,-26.25,0.0,0.615384615385,890.97292389,2016-10-25
24,-26.73,0.0,0.641025641026,955.511445027,2016-10-25
25,-27.06,0.0,0.666666666667,1024.50431651,2016-10-25
26,-27.37,0.0,0.692307692308,1098.61228867,2016-10-25
27,-27.39,0.0,0.717948717949,1178.65499634,2016-10-25
28,-27.62,0.0,0.74358974359,1265.66637333,2016-10-25
29,-28.14,0.0,0.769230769231,1360.97655314,2016-10-25
30,-28.42,0.0,0.794871794872,1466.33706879,2016-10-25
31,-28.68,0.0,0.820512820513,1584.12010445,2016-10-25
32,-29.32,0.0,0.846153846154,1717.65149707,2016-10-25
33,-30.06,0.0,0.871794871795,1871.8021769,2016-10-25
34,-30.26,0.0,0.897435897436,2054.1237337,2016-10-25
35,-30.43,0.0,0.923076923077,2277.26728501,2016-10-25
36,-30.54,0.0,0.948717948718,2564.94935746,2016-10-25
37,-31.77,0.0,0.974358974359,2970.41446557,2016-10-25
38,-31.77,0.0,1.0,3663.56164613,2016-10-25
0,-20.81,0.0,0.015625,-0.0,2016-10-28
1,-21.38,0.0,0.03125,15.7483569681,2016-10-28
2,-21.63,0.0,0.046875,31.7486983146,2016-10-28
3,-21.63,0.0,0.0625,48.0092191864,2016-10-28
4,-22.03,0.0,0.078125,64.5385211376,2016-10-28
5,-22.05,0.0,0.09375,81.345639454,2016-10-28
6,-22.37,0.0,0.109375,98.4400728133,2016-10-28
7,-22.43,0.0,0.125,115.831815525,2016-10-28
8,-22.55,0.0,0.140625,133.531392625,2016-10-28
9,-23.36,0.0,0.15625,151.549898127,2016-10-28
10,-23.52,0.0,0.171875,169.899036795,2016-10-28
11,-23.66,0.0,0.1875,188.591169808,2016-10-28
12,-23.76,0.0,0.203125,207.639364778,2016-10-28
13,-24.17,0.0,0.21875,227.057450635,2016-10-28
14,-24.19,0.0,0.234375,246.860077932,2016-10-28
15,-24.25,0.0,0.25,267.062785249,2016-10-28
16,-24.3,0.0,0.265625,287.682072452,2016-10-28
17,-24.3,0.0,0.28125,308.73548165,2016-10-28
18,-24.61,0.0,0.296875,330.241686871,2016-10-28
19,-24.61,0.0,0.3125,352.220593589,2016-10-28
20,-24.64,0.0,0.328125,374.693449441,2016-10-28
21,-24.64,0.0,0.34375,397.682967666,2016-10-28
22,-24.85,0.0,0.359375,421.213465076,2016-10-28
23,-24.96,0.0,0.375,445.311016655,2016-10-28
24,-25.05,0.0,0.390625,470.003629246,2016-10-28
25,-25.14,0.0,0.40625,495.32143723,2016-10-28
26,-25.33,0.0,0.421875,521.296923633,2016-10-28
27,-25.67,0.0,0.4375,547.965170715,2016-10-28
28,-25.74,0.0,0.453125,575.364144904,2016-10-28
29,-25.77,0.0,0.46875,603.53502187,2016-10-28
30,-25.81,0.0,0.484375,632.522558744,2016-10-28
31,-25.92,0.0,0.5,662.375521893,2016-10-28
32,-26.0,0.0,0.515625,693.14718056,2016-10-28
33,-26.04,0.0,0.53125,724.895878875,2016-10-28
34,-26.21,0.0,0.546875,757.685701698,2016-10-28
35,-26.23,0.0,0.5625,791.587253373,2016-10-28
36,-26.52,0.0,0.578125,826.678573184,2016-10-28
37,-26.52,0.0,0.59375,863.046217355,2016-10-28
38,-26.52,0.0,0.609375,900.786545338,2016-10-28
39,-26.52,0.0,0.625,940.007258491,2016-10-28
40,-26.72,0.0,0.640625,980.829253012,2016-10-28
41,-26.72,0.0,0.65625,1023.38886743,2016-10-28
42,-26.82,0.0,0.671875,1067.84063,2016-10-28
43,-26.88,0.0,0.6875,1114.36064564,2016-10-28
44,-26.95,0.0,0.703125,1163.15080981,2016-10-28
45,-26.98,0.0,0.71875,1214.44410419,2016-10-28
46,-27.12,0.0,0.734375,1268.51132546,2016-10-28
47,-27.2,0.0,0.75,1325.6697393,2016-10-28
48,-27.32,0.0,0.765625,1386.29436112,2016-10-28
49,-27.36,0.0,0.78125,1450.83288226,2016-10-28
50,-27.37,0.0,0.796875,1519.82575374,2016-10-28
51,-27.43,0.0,0.8125,1593.9337259,2016-10-28
52,-27.43,0.0,0.828125,1673.97643357,2016-10-28
53,-27.5,0.0,0.84375,1760.98781056,2016-10-28
54,-27.54,0.0,0.859375,1856.29799037,2016-10-28
55,-27.6,0.0,0.875,1961.65850602,2016-10-28
56,-27.95,0.0,0.890625,2079.44154168,2016-10-28
57,-28.16,0.0,0.90625,2212.9729343,2016-10-28
58,-28.23,0.0,0.921875,2367.12361413,2016-10-28
59,-28.41,0.0,0.9375,2549.44517093,2016-10-28
60,-28.44,0.0,0.953125,2772.58872224,2016-10-28
61,-28.75,0.0,0.96875,3060.27079469,2016-10-28
62,-28.77,0.0,0.984375,3465.7359028,2016-10-28
63,-29.3,0.0,1.0,4158.88308336,2016-10-28
0,-21.36,0.0,0.0238095238095,-0.0,2016-10-28
1,-23.49,0.0,0.047619047619,24.0975515791,2016-10-28
2,-23.55,0.0,0.0714285714286,48.7901641694,2016-10-28
3,-23.72,0.0,0.0952380952381,74.1079721537,2016-10-28
4,-23.72,0.0,0.119047619048,100.083458557,2016-10-28
5,-24.0,0.0,0.142857142857,126.751705639,2016-10-28
6,-24.0,0.0,0.166666666667,154.150679827,2016-10-28
7,-24.26,0.0,0.190476190476,182.321556794,2016-10-28
8,-24.3,0.0,0.214285714286,211.309093667,2016-10-28
9,-24.3,0.0,0.238095238095,241.162056817,2016-10-28
10,-24.58,0.0,0.261904761905,271.933715484,2016-10-28
11,-24.62,0.0,0.285714285714,303.682413798,2016-10-28
12,-24.63,0.0,0.309523809524,336.472236621,2016-10-28
13,-24.8,0.0,0.333333333333,370.373788297,2016-10-28
14,-24.8,0.0,0.357142857143,405.465108108,2016-10-28
15,-24.97,0.0,0.380952380952,441.832752279,2016-10-28
16,-25.1,0.0,0.404761904762,479.573080262,2016-10-28
17,-25.44,0.0,0.428571428571,518.793793415,2016-10-28
18,-25.64,0.0,0.452380952381,559.615787935,2016-10-28
19,-25.79,0.0,0.47619047619,602.175402354,2016-10-28
20,-25.82,0.0,0.5,646.627164925,2016-10-28
21,-25.88,0.0,0.52380952381,693.14718056,2016-10-28
22,-26.06,0.0,0.547619047619,741.937344729,2016-10-28
23,-26.16,0.0,0.571428571429,793.230639117,2016-10-28
24,-26.16,0.0,0.595238095238,847.297860387,2016-10-28
25,-26.21,0.0,0.619047619048,904.456274227,2016-10-28
26,-26.51,0.0,0.642857142857,965.080896044,2016-10-28
27,-27.0,0.0,0.666666666667,1029.61941718,2016-10-28
28,-27.21,0.0,0.690476190476,1098.61228867,2016-10-28
29,-27.35,0.0,0.714285714286,1172.72026082,2016-10-28
30,-27.39,0.0,0.738095238095,1252.7629685,2016-10-28
31,-27.45,0.0,0.761904761905,1339.77434548,2016-10-28
32,-27.73,0.0,0.785714285714,1435.08452529,2016-10-28
33,-28.13,0.0,0.809523809524,1540.44504095,2016-10-28
34,-28.68,0.0,0.833333333333,1658.2280766,2016-10-28
35,-29.01,0.0,0.857142857143,1791.75946923,2016-10-28
36,-29.01,0.0,0.880952380952,1945.91014906,2016-10-28
37,-29.01,0.0,0.904761904762,2128.23170585,2016-10-28
38,-29.3,0.0,0.928571428571,2351.37525716,2016-10-28
39,-29.79,0.0,0.952380952381,2639.05732962,2016-10-28
40,-29.97,0.0,0.97619047619,3044.52243772,2016-10-28
41,-30.55,0.0,1.0,3737.66961828,2016-10-28
0,-21.87,0.0,0.0133333333333,-0.0,2016-10-31
1,-23.07,0.0,0.0266666666667,13.4230203321,2016-10-31
2,-23.13,0.0,0.04,27.0286723879,2016-10-31
3,-23.13,0.0,0.0533333333333,40.8219945203,2016-10-31
4,-24.03,0.0,0.0666666666667,54.808236495,2016-10-31
5,-24.28,0.0,0.08,68.992871487,2016-10-31
6,-24.33,0.0,0.0933333333333,83.3816089391,2016-10-31
7,-24.4,0.0,0.106666666667,97.9804083602,2016-10-31
8,-24.43,0.0,0.12,112.795494145,2016-10-31
9,-24.57,0.0,0.133333333333,127.83337151,2016-10-31
10,-24.57,0.0,0.146666666667,143.100843641,2016-10-31
11,-24.6,0.0,0.16,158.605030177,2016-10-31
12,-24.6,0.0,0.173333333333,174.353387145,2016-10-31
13,-24.65,0.0,0.186666666667,190.353728491,2016-10-31
14,-24.71,0.0,0.2,206.614249363,2016-10-31
15,-24.78,0.0,0.213333333333,223.143551314,2016-10-31
16,-24.83,0.0,0.226666666667,239.950669631,2016-10-31
17,-24.91,0.0,0.24,257.04510299,2016-10-31
18,-24.94,0.0,0.253333333333,274.436845702,2016-10-31
19,-24.94,0.0,0.266666666667,292.136422801,2016-10-31
20,-24.97,0.0,0.28,310.154928304,2016-10-31
21,-25.0,0.0,0.293333333333,328.504066972,2016-10-31
22,-25.19,0.0,0.306666666667,347.196199984,2016-10-31
23,-25.31,0.0,0.32,366.244394955,2016-10-31
24,-25.44,0.0,0.333333333333,385.662480812,2016-10-31
25,-25.67,0.0,0.346666666667,405.465108108,2016-10-31
26,-25.79,0.0,0.36,425.667815426,2016-10-31
27,-25.82,0.0,0.373333333333,446.287102628,2016-10-31
28,-25.97,0.0,0.386666666667,467.340511826,2016-10-31
29,-25.97,0.0,0.4,488.846717047,2016-10-31
30,-26.0,0.0,0.413333333333,510.825623766,2016-10-31
31,-26.1,0.0,0.426666666667,533.298479618,2016-10-31
32,-26.19,0.0,0.44,556.287997843,2016-10-31
33,-26.24,0.0,0.453333333333,579.818495253,2016-10-31
34,-26.28,0.0,0.466666666667,603.916046832,2016-10-31
35,-26.28,0.0,0.48,628.608659422,2016-10-31
36,-26.28,0.0,0.493333333333,653.926467407,2016-10-31
37,-26.33,0.0,0.506666666667,679.90195381,2016-10-31
38,-26.33,0.0,0.52,706.570200892,2016-10-31
39,-26.36,0.0,0.533333333333,733.96917508,2016-10-31
40,-26.46,0.0,0.546666666667,762.140052047,2016-10-31
41,-26.5,0.0,0.56,791.12758892,2016-10-31
42,-26.5,0.0,0.573333333333,820.98055207,2016-10-31
43,-26.57,0.0,0.586666666667,851.752210737,2016-10-31
44,-26.76,0.0,0.6,883.500909051,2016-10-31
45,-26.9,0.0,0.613333333333,916.290731874,2016-10-31
46,-26.93,0.0,0.626666666667,950.19228355,2016-10-31
47,-26.98,0.0,0.64,985.283603361,2016-10-31
48,-26.98,0.0,0.653333333333,1021.65124753,2016-10-31
49,-26.98,0.0,0.666666666667,1059.39157551,2016-10-31
50,-26.98,0.0,0.68,1098.61228867,2016-10-31
51,-27.29,0.0,0.693333333333,1139.43428319,2016-10-31
52,-27.33,0.0,0.706666666667,1181.99389761,2016-10-31
53,-27.38,0.0,0.72,1226.44566018,2016-10-31
54,-27.52,0.0,0.733333333333,1272.96567581,2016-10-31
55,-27.52,0.0,0.746666666667,1321.75583998,2016-10-31
56,-27.56,0.0,0.76,1373.04913437,2016-10-31
57,-27.56,0.0,0.773333333333,1427.11635564,2016-10-31
58,-27.69,0.0,0.786666666667,1484.27476948,2016-10-31
59,-27.78,0.0,0.8,1544.8993913,2016-10-31
60,-27.82,0.0,0.813333333333,1609.43791243,2016-10-31
61,-27.89,0.0,0.826666666667,1678.43078392,2016-10-31
62,-28.14,0.0,0.84,1752.53875607,2016-10-31
63,-28.14,0.0,0.853333333333,1832.58146375,2016-10-31
64,-28.19,0.0,0.866666666667,1919.59284074,2016-10-31
65,-28.24,0.0,0.88,2014.90302054,2016-10-31
66,-28.51,0.0,0.893333333333,2120.2635362,2016-10-31
67,-28.63,0.0,0.906666666667,2238.04657186,2016-10-31
68,-28.63,0.0,0.92,2371.57796448,2016-10-31
69,-28.74,0.0,0.933333333333,2525.72864431,2016-10-31
70,-28.77,0.0,0.946666666667,2708.0502011,2016-10-31
71,-29.29,0.0,0.96,2931.19375242,2016-10-31
72,-29.99,0.0,0.973333333333,3218.87582487,2016-10-31
73,-30.55,0.0,0.986666666667,3624.34093298,2016-10-31
74,-30.79,0.0,1.0,4317.48811354,2016-10-31
0,-19.84,0.0,0.0161290322581,-0.0,2016-11-02
1,-21.92,0.0,0.0322580645161,16.2605208718,2016-11-02
2,-21.93,0.0,0.0483870967742,32.789822823,2016-11-02
3,-22.0,0.0,0.0645161290323,49.5969411394,2016-11-02
4,-22.2,0.0,0.0806451612903,66.6913744987,2016-11-02
5,-22.29,0.0,0.0967741935484,84.0831172105,2016-11-02
6,-22.4,0.0,0.112903225806,101.78269431,2016-11-02
7,-22.7,0.0,0.129032258065,119.801199813,2016-11-02
8,-22.7,0.0,0.145161290323,138.150338481,2016-11-02
9,-22.95,0.0,0.161290322581,156.842471493,2016-11-02
10,-23.73,0.0,0.177419354839,175.890666464,2016-11-02
11,-23.77,0.0,0.193548387097,195.308752321,2016-11-02
12,-23.78,0.0,0.209677419355,215.111379617,2016-11-02
13,-23.88,0.0,0.225806451613,235.314086934,2016-11-02
14,-23.91,0.0,0.241935483871,255.933374137,2016-11-02
15,-24.1,0.0,0.258064516129,276.986783335,2016-11-02
16,-24.14,0.0,0.274193548387,298.492988556,2016-11-02
17,-24.29,0.0,0.290322580645,320.471895275,2016-11-02
18,-24.36,0.0,0.306451612903,342.944751127,2016-11-02
19,-24.36,0.0,0.322580645161,365.934269352,2016-11-02
20,-24.5,0.0,0.338709677419,389.464766762,2016-11-02
21,-24.6,0.0,0.354838709677,413.562318341,2016-11-02
22,-24.84,0.0,0.370967741935,438.254930931,2016-11-02
23,-24.88,0.0,0.387096774194,463.572738915,2016-11-02
24,-24.88,0.0,0.403225806452,489.548225319,2016-11-02
25,-24.96,0.0,0.41935483871,516.216472401,2016-11-02
26,-25.02,0.0,0.435483870968,543.615446589,2016-11-02
27,-25.13,0.0,0.451612903226,571.786323556,2016-11-02
28,-25.13,0.0,0.467741935484,600.773860429,2016-11-02
29,-25.18,0.0,0.483870967742,630.626823579,2016-11-02
30,-25.18,0.0,0.5,661.398482245,2016-11-02
31,-25.23,0.0,0.516129032258,693.14718056,2016-11-02
32,-25.23,0.0,0.532258064516,725.937003383,2016-11-02
33,-25.42,0.0,0.548387096774,759.838555059,2016-11-02
34,-25.45,0.0,0.564516129032,794.92987487,2016-11-02
35,-25.65,0.0,0.58064516129,831.297519041,2016-11-02
36,-25.68,0.0,0.596774193548,869.037847024,2016-11-02
37,-25.74,0.0,0.612903225806,908.258560177,2016-11-02
38,-25.8,0.0,0.629032258065,949.080554697,2016-11-02
39,-25.8,0.0,0.645161290323,991.640169116,2016-11-02
40,-26.03,0.0,0.661290322581,1036.09193169,2016-11-02
41,-26.07,0.0,0.677419354839,1082.61194732,2016-11-02
42,-26.14,0.0,0.693548387097,1131.40211149,2016-11-02
43,-26.2,0.0,0.709677419355,1182.69540588,2016-11-02
44,-26.3,0.0,0.725806451613,1236.76262715,2016-11-02
45,-26.3,0.0,0.741935483871,1293.92104099,2016-11-02
46,-26.38,0.0,0.758064516129,1354.54566281,2016-11-02
47,-26.38,0.0,0.774193548387,1419.08418394,2016-11-02
48,-26.41,0.0,0.790322580645,1488.07705543,2016-11-02
49,-26.56,0.0,0.806451612903,1562.18502758,2016-11-02
50,-26.62,0.0,0.822580645161,1642.22773526,2016-11-02
51,-26.71,0.0,0.838709677419,1729.23911225,2016-11-02
52,-26.75,0.0,0.854838709677,1824.54929205,2016-11-02
53,-26.92,0.0,0.870967741935,1929.90980771,2016-11-02
54,-26.98,0.0,0.887096774194,2047.69284337,2016-11-02
55,-27.14,0.0,0.903225806452,2181.22423599,2016-11-02
56,-27.38,0.0,0.91935483871,2335.37491582,2016-11-02
57,-27.57,0.0,0.935483870968,2517.69647261,2016-11-02
58,-27.65,0.0,0.951612903226,2740.84002393,2016-11-02
59,-27.94,0.0,0.967741935484,3028.52209638,2016-11-02
60,-28.17,0.0,0.983870967742,3433.98720449,2016-11-02
61,-29.44,0.0,1.0,4127.13438505,2016-11-02
0,-20.24,0.0,0.0333333333333,-0.0,2016-11-04
1,-20.47,0.0,0.0666666666667,33.9015516757,2016-11-04
2,-21.97,0.0,0.1,68.992871487,2016-11-04
3,-22.26,0.0,0.133333333333,105.360515658,2016-11-04
4,-22.31,0.0,0.166666666667,143.100843641,2016-11-04
5,-22.78,0.0,0.2,182.321556794,2016-11-04
6,-24.58,0.0,0.233333333333,223.143551314,2016-11-04
7,-24.74,0.0,0.266666666667,265.703165733,2016-11-04
8,-25.48,0.0,0.3,310.154928304,2016-11-04
9,-25.48,0.0,0.333333333333,356.674943939,2016-11-04
10,-25.95,0.0,0.366666666667,405.465108108,2016-11-04
11,-26.13,0.0,0.4,456.758402496,2016-11-04
12,-26.13,0.0,0.433333333333,510.825623766,2016-11-04
13,-26.61,0.0,0.466666666667,567.984037606,2016-11-04
14,-26.96,0.0,0.5,628.608659422,2016-11-04
15,-26.96,0.0,0.533333333333,693.14718056,2016-11-04
16,-27.12,0.0,0.566666666667,762.140052047,2016-11-04
17,-27.29,0.0,0.6,836.248024201,2016-11-04
18,-27.61,0.0,0.633333333333,916.290731874,2016-11-04
19,-27.78,0.0,0.666666666667,1003.30210886,2016-11-04
20,-28.12,0.0,0.7,1098.61228867,2016-11-04
21,-28.63,0.0,0.733333333333,1203.97280433,2016-11-04
22,-28.63,0.0,0.766666666667,1321.75583998,2016-11-04
23,-28.98,0.0,0.8,1455.28723261,2016-11-04
24,-29.14,0.0,0.833333333333,1609.43791243,2016-11-04
25,-29.3,0.0,0.866666666667,1791.75946923,2016-11-04
26,-29.3,0.0,0.9,2014.90302054,2016-11-04
27,-29.46,0.0,0.933333333333,2302.58509299,2016-11-04
28,-29.8,0.0,0.966666666667,2708.0502011,2016-11-04
29,-29.96,0.0,1.0,3401.19738166,2016-11-04
0,-20.36,0.0,0.0212765957447,-0.0,2016-11-14
1,-23.73,0.0,0.0425531914894,21.506205221,2016-11-14
2,-24.31,0.0,0.063829787234,43.4851119397,2016-11-14
3,-24.95,0.0,0.0851063829787,65.9579677918,2016-11-14
4,-25.05,0.0,0.106382978723,88.9474860165,2016-11-14
5,-25.4,0.0,0.127659574468,112.477983427,2016-11-14
6,-25.62,0.0,0.148936170213,136.575535006,2016-11-14
7,-25.73,0.0,0.170212765957,161.268147596,2016-11-14
8,-26.24,0.0,0.191489361702,186.58595558,2016-11-14
9,-26.39,0.0,0.212765957447,212.561441984,2016-11-14
10,-26.49,0.0,0.234042553191,239.229689066,2016-11-14
11,-26.89,0.0,0.255319148936,266.628663254,2016-11-14
12,-26.91,0.0,0.276595744681,294.799540221,2016-11-14
13,-26.98,0.0,0.297872340426,323.787077094,2016-11-14
14,-27.25,0.0,0.31914893617,353.640040244,2016-11-14
15,-27.25,0.0,0.340425531915,384.41169891,2016-11-14
16,-27.3,0.0,0.36170212766,416.160397225,2016-11-14
17,-27.32,0.0,0.382978723404,448.950220048,2016-11-14
18,-27.37,0.0,0.404255319149,482.851771724,2016-11-14
19,-27.48,0.0,0.425531914894,517.943091535,2016-11-14
20,-27.7,0.0,0.446808510638,554.310735706,2016-11-14
21,-28.0,0.0,0.468085106383,592.051063689,2016-11-14
22,-28.04,0.0,0.489361702128,631.271776842,2016-11-14
23,-28.22,0.0,0.510638297872,672.093771362,2016-11-14
24,-28.24,0.0,0.531914893617,714.653385781,2016-11-14
25,-28.27,0.0,0.553191489362,759.105148352,2016-11-14
26,-28.45,0.0,0.574468085106,805.625163987,2016-11-14
27,-28.45,0.0,0.595744680851,854.415328156,2016-11-14
28,-28.68,0.0,0.617021276596,905.708622544,2016-11-14
29,-28.79,0.0,0.63829787234,959.775843814,2016-11-14
30,-28.81,0.0,0.659574468085,1016.93425765,2016-11-14
31,-28.83,0.0,0.68085106383,1077.55887947,2016-11-14
32,-28.83,0.0,0.702127659574,1142.09740061,2016-11-14
33,-29.27,0.0,0.723404255319,1211.09027209,2016-11-14
34,-29.34,0.0,0.744680851064,1285.19824425,2016-11-14
35,-29.48,0.0,0.765957446809,1365.24095192,2016-11-14
36,-29.66,0.0,0.787234042553,1452.25232891,2016-11-14
37,-29.78,0.0,0.808510638298,1547.56250872,2016-11-14
38,-29.8,0.0,0.829787234043,1652.92302437,2016-11-14
39,-29.93,0.0,0.851063829787,1770.70606003,2016-11-14
40,-29.95,0.0,0.872340425532,1904.23745265,2016-11-14
41,-30.19,0.0,0.893617021277,2058.38813248,2016-11-14
42,-30.24,0.0,0.914893617021,2240.70968928,2016-11-14
43,-30.25,0.0,0.936170212766,2463.85324059,2016-11-14
44,-30.57,0.0,0.957446808511,2751.53531304,2016-11-14
45,-31.6,0.0,0.978723404255,3157.00042115,2016-11-14
46,-31.6,0.0,1.0,3850.14760171,2016-11-14
0,-23.78,0.0,0.025,-0.0,2016-11-23
1,-25.67,0.0,0.05,25.3178079843,2016-11-23
2,-25.67,0.0,0.075,51.2932943876,2016-11-23
3,-26.15,0.0,0.1,77.9615414697,2016-11-23
4,-26.43,0.0,0.125,105.360515658,2016-11-23
5,-26.7,0.0,0.15,133.531392625,2016-11-23
6,-26.84,0.0,0.175,162.518929498,2016-11-23
7,-26.84,0.0,0.2,192.371892647,2016-11-23
8,-27.31,0.0,0.225,223.143551314,2016-11-23
9,-27.41,0.0,0.25,254.892249629,2016-11-23
10,-27.48,0.0,0.275,287.682072452,2016-11-23
11,-27.69,0.0,0.3,321.583624127,2016-11-23
12,-27.99,0.0,0.325,356.674943939,2016-11-23
13,-28.12,0.0,0.35,393.04258811,2016-11-23
14,-28.15,0.0,0.375,430.782916092,2016-11-23
15,-28.22,0.0,0.4,470.003629246,2016-11-23
16,-28.59,0.0,0.425,510.825623766,2016-11-23
17,-28.67,0.0,0.45,553.385238185,2016-11-23
18,-28.92,0.0,0.475,597.837000756,2016-11-23
19,-29.06,0.0,0.5,644.357016391,2016-11-23
20,-29.24,0.0,0.525,693.14718056,2016-11-23
21,-29.44,0.0,0.55,744.440474947,2016-11-23
22,-29.53,0.0,0.575,798.507696218,2016-11-23
23,-29.56,0.0,0.6,855.666110058,2016-11-23
24,-29.7,0.0,0.625,916.290731874,2016-11-23
25,-29.79,0.0,0.65,980.829253012,2016-11-23
26,-29.83,0.0,0.675,1049.8221245,2016-11-23
27,-30.1,0.0,0.7,1123.93009665,2016-11-23
28,-30.47,0.0,0.725,1203.97280433,2016-11-23
29,-30.54,0.0,0.75,1290.98418132,2016-11-23
30,-30.58,0.0,0.775,1386.29436112,2016-11-23
31,-30.72,0.0,0.8,1491.65487678,2016-11-23
32,-30.72,0.0,0.825,1609.43791243,2016-11-23
33,-30.75,0.0,0.85,1742.96930506,2016-11-23
34,-30.85,0.0,0.875,1897.11998489,2016-11-23
35,-30.91,0.0,0.9,2079.44154168,2016-11-23
36,-31.59,0.0,0.925,2302.58509299,2016-11-23
37,-31.78,0.0,0.95,2590.26716545,2016-11-23
38,-31.82,0.0,0.975,2995.73227355,2016-11-23
39,-32.84,0.0,1.0,3688.87945411,2016-11-23
