,T,INP,start,end
1,-18.29,0.432924773388,2016-10-05 14:39:00,2016-10-05 13:39:00
2,-19.78,0.87739555809,2016-10-05 14:39:00,2016-10-05 13:39:00
3,-20.32,1.33404512789,2016-10-05 14:39:00,2016-10-05 13:39:00
4,-20.86,1.803559744,2016-10-05 14:39:00,2016-10-05 13:39:00
5,-21.27,2.28668535856,2016-10-05 14:39:00,2016-10-05 13:39:00
6,-21.57,2.78423474439,2016-10-05 14:39:00,2016-10-05 13:39:00
7,-21.86,3.29709572217,2016-10-05 14:39:00,2016-10-05 13:39:00
8,-22.02,3.82624069408,2016-10-05 14:39:00,2016-10-05 13:39:00
9,-22.09,4.37273774112,2016-10-05 14:39:00,2016-10-05 13:39:00
10,-22.22,4.93776360239,2016-10-05 14:39:00,2016-10-05 13:39:00
11,-22.22,5.52261893257,2016-10-05 14:39:00,2016-10-05 13:39:00
12,-22.27,6.12874633542,2016-10-05 14:39:00,2016-10-05 13:39:00
13,-22.35,6.7577518018,2016-10-05 14:39:00,2016-10-05 13:39:00
14,-22.37,7.41143035436,2016-10-05 14:39:00,2016-10-05 13:39:00
15,-22.55,8.0917969297,2016-10-05 14:39:00,2016-10-05 13:39:00
16,-22.55,8.80112383667,2016-10-05 14:39:00,2016-10-05 13:39:00
17,-22.68,9.54198654619,2016-10-05 14:39:00,2016-10-05 13:39:00
18,-22.68,10.3173201401,2016-10-05 14:39:00,2016-10-05 13:39:00
19,-22.76,11.1304895429,2016-10-05 14:39:00,2016-10-05 13:39:00
20,-22.89,11.9853777827,2016-10-05 14:39:00,2016-10-05 13:39:00
21,-22.91,12.8864981372,2016-10-05 14:39:00,2016-10-05 13:39:00
22,-22.91,13.8391383679,2016-10-05 14:39:00,2016-10-05 13:39:00
23,-23.09,14.8495487315,2016-10-05 14:39:00,2016-10-05 13:39:00
24,-23.1,15.9251907505,2016-10-05 14:39:00,2016-10-05 13:39:00
25,-23.12,17.0750719419,2016-10-05 14:39:00,2016-10-05 13:39:00
26,-23.14,18.3102048111,2016-10-05 14:39:00,2016-10-05 13:39:00
27,-23.31,19.644249939,2016-10-05 14:39:00,2016-10-05 13:39:00
28,-23.43,21.0944395555,2016-10-05 14:39:00,2016-10-05 13:39:00
29,-23.43,22.6829425523,2016-10-05 14:39:00,2016-10-05 13:39:00
30,-23.72,24.4389511466,2016-10-05 14:39:00,2016-10-05 13:39:00
31,-23.72,26.4020017408,2016-10-05 14:39:00,2016-10-05 13:39:00
32,-23.75,28.6275249512,2016-10-05 14:39:00,2016-10-05 13:39:00
33,-23.79,31.1967029484,2016-10-05 14:39:00,2016-10-05 13:39:00
34,-23.89,34.2353955616,2016-10-05 14:39:00,2016-10-05 13:39:00
35,-24.09,37.9544547502,2016-10-05 14:39:00,2016-10-05 13:39:00
36,-24.32,42.7491559577,2016-10-05 14:39:00,2016-10-05 13:39:00
37,-24.32,49.5069077595,2016-10-05 14:39:00,2016-10-05 13:39:00
38,-24.42,61.0593607688,2016-10-05 14:39:00,2016-10-05 13:39:00
39,-24.51,,2016-10-05 14:39:00,2016-10-05 13:39:00
40,-18.26,0.228324784901,2016-10-07 12:41:00,2016-10-07 10:41:00
41,-20.66,0.463082092957,2016-10-07 12:41:00,2016-10-07 10:41:00
42,-20.66,0.704644900234,2016-10-07 12:41:00,2016-10-07 10:41:00
43,-20.99,0.953419593148,2016-10-07 12:41:00,2016-10-07 10:41:00
44,-21.53,1.20985008204,2016-10-07 12:41:00,2016-10-07 10:41:00
45,-21.72,1.47442256799,2016-10-07 12:41:00,2016-10-07 10:41:00
46,-21.82,1.74767109152,2016-10-07 12:41:00,2016-10-07 10:41:00
47,-21.86,2.03018402215,2016-10-07 12:41:00,2016-10-07 10:41:00
48,-22.01,2.32261168724,2016-10-07 12:41:00,2016-10-07 10:41:00
49,-22.35,2.62567538867,2016-10-07 12:41:00,2016-10-07 10:41:00
50,-22.47,2.94017812186,2016-10-07 12:41:00,2016-10-07 10:41:00
51,-22.54,3.26701739813,2016-10-07 12:41:00,2016-10-07 10:41:00
52,-22.62,3.6072006858,2016-10-07 12:41:00,2016-10-07 10:41:00
53,-22.74,3.96186413929,2016-10-07 12:41:00,2016-10-07 10:41:00
54,-22.74,4.33229549405,2016-10-07 12:41:00,2016-10-07 10:41:00
55,-22.74,4.71996229101,2016-10-07 12:41:00,2016-10-07 10:41:00
56,-22.74,5.12654699242,2016-10-07 12:41:00,2016-10-07 10:41:00
57,-22.83,5.55399111231,2016-10-07 12:41:00,2016-10-07 10:41:00
58,-22.85,6.00455128957,2016-10-07 12:41:00,2016-10-07 10:41:00
59,-23.05,6.4808714049,2016-10-07 12:41:00,2016-10-07 10:41:00
60,-23.12,6.9860765867,2016-10-07 12:41:00,2016-10-07 10:41:00
61,-23.14,7.52389759618,2016-10-07 12:41:00,2016-10-07 10:41:00
62,-23.31,8.09883819191,2016-10-07 12:41:00,2016-10-07 10:41:00
63,-23.31,8.71640462652,2016-10-07 12:41:00,2016-10-07 10:41:00
64,-23.38,9.38342719047,2016-10-07 12:41:00,2016-10-07 10:41:00
65,-23.57,10.1085219987,2016-10-07 12:41:00,2016-10-07 10:41:00
66,-23.65,10.9027734971,2016-10-07 12:41:00,2016-10-07 10:41:00
67,-23.66,11.7807777942,2016-10-07 12:41:00,2016-10-07 10:41:00
68,-23.8,12.7623030914,2016-10-07 12:41:00,2016-10-07 10:41:00
69,-23.8,13.8750646966,2016-10-07 12:41:00,2016-10-07 10:41:00
70,-23.93,15.1596536951,2016-10-07 12:41:00,2016-10-07 10:41:00
71,-24.07,16.6790000018,2016-10-07 12:41:00,2016-10-07 10:41:00
72,-24.25,18.538529596,2016-10-07 12:41:00,2016-10-07 10:41:00
73,-24.34,20.9358801998,2016-10-07 12:41:00,2016-10-07 10:41:00
74,-24.34,24.3147561007,2016-10-07 12:41:00,2016-10-07 10:41:00
75,-24.35,30.0909826054,2016-10-07 12:41:00,2016-10-07 10:41:00
76,-24.67,,2016-10-07 12:41:00,2016-10-07 10:41:00
77,-12.75,0.120280235989,2016-10-13 14:42:00,2016-10-13 10:41:00
78,-16.96,0.244151452377,2016-10-13 14:42:00,2016-10-13 10:41:00
79,-20.17,0.37183468336,2016-10-13 14:42:00,2016-10-13 10:41:00
80,-20.31,0.503572020765,2016-10-13 14:42:00,2016-10-13 10:41:00
81,-20.35,0.639629376877,2016-10-13 14:42:00,2016-10-13 10:41:00
82,-20.43,0.78029971578,2016-10-13 14:42:00,2016-10-13 10:41:00
83,-20.61,0.925906851926,2016-10-13 14:42:00,2016-10-13 10:41:00
84,-20.72,1.07680993977,2016-10-13 14:42:00,2016-10-13 10:41:00
85,-20.82,1.23340881107,2016-10-13 14:42:00,2016-10-13 10:41:00
86,-20.86,1.39615035942,2016-10-13 14:42:00,2016-10-13 10:41:00
87,-21.01,1.5655362288,2016-10-13 14:42:00,2016-10-13 10:41:00
88,-21.18,1.74213213925,2016-10-13 14:42:00,2016-10-13 10:41:00
89,-21.2,1.92657928685,2016-10-13 14:42:00,2016-10-13 10:41:00
90,-21.29,2.11960839737,2016-10-13 14:42:00,2016-10-13 10:41:00
91,-21.37,2.32205721135,2016-10-13 14:42:00,2016-10-13 10:41:00
92,-21.37,2.53489245777,2016-10-13 14:42:00,2016-10-13 10:41:00
93,-21.41,2.75923777425,2016-10-13 14:42:00,2016-10-13 10:41:00
94,-21.8,2.99640961591,2016-10-13 14:42:00,2016-10-13 10:41:00
95,-21.82,3.24796406328,2016-10-13 14:42:00,2016-10-13 10:41:00
96,-21.89,3.51575875679,2016-10-13 14:42:00,2016-10-13 10:41:00
97,-21.94,3.80203623184,2016-10-13 14:42:00,2016-10-13 10:41:00
98,-22.03,4.10953819099,2016-10-13 14:42:00,2016-10-13 10:41:00
99,-22.03,4.44166560872,2016-10-13 14:42:00,2016-10-13 10:41:00
100,-22.06,4.80270866677,2016-10-13 14:42:00,2016-10-13 10:41:00
101,-22.17,5.19818659127,2016-10-13 14:42:00,2016-10-13 10:41:00
102,-22.19,5.63536715416,2016-10-13 14:42:00,2016-10-13 10:41:00
103,-22.75,6.12409344319,2016-10-13 14:42:00,2016-10-13 10:41:00
104,-22.92,6.67816561176,2016-10-13 14:42:00,2016-10-13 10:41:00
105,-23.02,7.31779498864,2016-10-13 14:42:00,2016-10-13 10:41:00
106,-23.37,8.07431597118,2016-10-13 14:42:00,2016-10-13 10:41:00
107,-23.4,9.00022282311,2016-10-13 14:42:00,2016-10-13 10:41:00
108,-23.46,10.1939243686,2016-10-13 14:42:00,2016-10-13 10:41:00
109,-23.74,11.876352203,2016-10-13 14:42:00,2016-10-13 10:41:00
110,-23.8,14.7524815829,2016-10-13 14:42:00,2016-10-13 10:41:00
111,-24.23,,2016-10-13 14:42:00,2016-10-13 10:41:00
112,-18.15,0.256098881515,2016-10-13 16:47:00,2016-10-13 14:57:00
113,-20.99,0.519621944,2016-10-13 16:47:00,2016-10-13 14:57:00
114,-21.57,0.791012518088,2016-10-13 16:47:00,2016-10-13 14:57:00
115,-22.07,1.0707548696,2016-10-13 16:47:00,2016-10-13 14:57:00
116,-22.18,1.35937939974,2016-10-13 16:47:00,2016-10-13 14:57:00
117,-22.37,1.65746869813,2016-10-13 16:47:00,2016-10-13 14:57:00
118,-22.43,1.96566462245,2016-10-13 16:47:00,2016-10-13 14:57:00
119,-22.8,2.28467662074,2016-10-13 16:47:00,2016-10-13 14:57:00
120,-22.93,2.61529156774,2016-10-13 16:47:00,2016-10-13 14:57:00
121,-22.99,2.9583854585,2016-10-13 16:47:00,2016-10-13 14:57:00
122,-23.5,3.31493739625,2016-10-13 16:47:00,2016-10-13 14:57:00
123,-23.52,3.68604643735,2016-10-13 16:47:00,2016-10-13 14:57:00
124,-23.71,4.07295202297,2016-10-13 16:47:00,2016-10-13 14:57:00
125,-23.71,4.47705895543,2016-10-13 16:47:00,2016-10-13 14:57:00
126,-23.98,4.89996818848,2016-10-13 16:47:00,2016-10-13 14:57:00
127,-24.13,5.34351513547,2016-10-13 16:47:00,2016-10-13 14:57:00
128,-24.18,5.80981781172,2016-10-13 16:47:00,2016-10-13 14:57:00
129,-24.18,6.30133800509,2016-10-13 16:47:00,2016-10-13 14:57:00
130,-24.23,6.82095994909,2016-10-13 16:47:00,2016-10-13 14:57:00
131,-24.37,7.37209287469,2016-10-13 16:47:00,2016-10-13 14:57:00
132,-24.44,7.95880670322,2016-10-13 16:47:00,2016-10-13 14:57:00
133,-24.54,8.58601462583,2016-10-13 16:47:00,2016-10-13 14:57:00
134,-24.59,9.25972346359,2016-10-13 16:47:00,2016-10-13 14:57:00
135,-25.42,9.98738444244,2016-10-13 16:47:00,2016-10-13 14:57:00
136,-25.42,10.7783969605,2016-10-13 16:47:00,2016-10-13 14:57:00
137,-25.46,11.6448531406,2016-10-13 16:47:00,2016-10-13 14:57:00
138,-25.63,12.6026760102,2016-10-13 16:47:00,2016-10-13 14:57:00
139,-25.63,13.6734308798,2016-10-13 16:47:00,2016-10-13 14:57:00
140,-25.81,14.8873526309,2016-10-13 16:47:00,2016-10-13 14:57:00
141,-25.81,16.2887224475,2016-10-13 16:47:00,2016-10-13 14:57:00
142,-25.93,17.9461911457,2016-10-13 16:47:00,2016-10-13 14:57:00
143,-25.93,19.9747688849,2016-10-13 16:47:00,2016-10-13 14:57:00
144,-26.18,22.5900604526,2016-10-13 16:47:00,2016-10-13 14:57:00
145,-26.3,26.27610689,2016-10-13 16:47:00,2016-10-13 14:57:00
146,-26.61,32.5774448951,2016-10-13 16:47:00,2016-10-13 14:57:00
147,-26.64,,2016-10-13 16:47:00,2016-10-13 14:57:00
148,-19.7,0.235304974102,2016-10-14 12:19:00,2016-10-14 10:39:00
149,-20.25,0.476280489893,2016-10-14 12:19:00,2016-10-14 10:39:00
150,-20.59,0.723206615796,2016-10-14 12:19:00,2016-10-14 10:39:00
151,-21.0,0.976384695639,2016-10-14 12:19:00,2016-10-14 10:39:00
152,-21.0,1.23613955967,2016-10-14 12:19:00,2016-10-14 10:39:00
153,-21.14,1.50282203049,2016-10-14 12:19:00,2016-10-14 10:39:00
154,-21.47,1.77681177237,2016-10-14 12:19:00,2016-10-14 10:39:00
155,-21.67,2.05852054204,2016-10-14 12:19:00,2016-10-14 10:39:00
156,-21.74,2.34839591077,2016-10-14 12:19:00,2016-10-14 10:39:00
157,-21.74,2.64692554227,2016-10-14 12:19:00,2016-10-14 10:39:00
158,-21.75,2.95464212894,2016-10-14 12:19:00,2016-10-14 10:39:00
159,-21.75,3.27212911208,2016-10-14 12:19:00,2016-10-14 10:39:00
160,-22.04,3.60002734031,2016-10-14 12:19:00,2016-10-14 10:39:00
161,-22.29,3.93904285707,2016-10-14 12:19:00,2016-10-14 10:39:00
162,-22.39,4.28995605518,2016-10-14 12:19:00,2016-10-14 10:39:00
163,-22.89,4.65363249689,2016-10-14 12:19:00,2016-10-14 10:39:00
164,-23.22,5.03103577672,2016-10-14 12:19:00,2016-10-14 10:39:00
165,-23.22,5.42324290825,2016-10-14 12:19:00,2016-10-14 10:39:00
166,-23.41,5.83146285346,2016-10-14 12:19:00,2016-10-14 10:39:00
167,-23.48,6.25705899764,2016-10-14 12:19:00,2016-10-14 10:39:00
168,-23.55,6.70157662335,2016-10-14 12:19:00,2016-10-14 10:39:00
169,-23.61,7.1667767797,2016-10-14 12:19:00,2016-10-14 10:39:00
170,-23.67,7.6546784214,2016-10-14 12:19:00,2016-10-14 10:39:00
171,-23.76,8.16761136527,2016-10-14 12:19:00,2016-10-14 10:39:00
172,-23.78,8.70828357797,2016-10-14 12:19:00,2016-10-14 10:39:00
173,-23.89,9.27986771637,2016-10-14 12:19:00,2016-10-14 10:39:00
174,-23.93,9.88611393454,2016-10-14 12:19:00,2016-10-14 10:39:00
175,-24.23,10.5314991459,2016-10-14 12:19:00,2016-10-14 10:39:00
176,-24.44,11.2214278608,2016-10-14 12:19:00,2016-10-14 10:39:00
177,-24.55,11.9625075823,2016-10-14 12:19:00,2016-10-14 10:39:00
178,-24.62,12.7629346591,2016-10-14 12:19:00,2016-10-14 10:39:00
179,-24.62,13.633048429,2016-10-14 12:19:00,2016-10-14 10:39:00
180,-24.67,14.586150227,2016-10-14 12:19:00,2016-10-14 10:39:00
181,-24.79,15.6397553836,2016-10-14 12:19:00,2016-10-14 10:39:00
182,-24.79,16.8175857401,2016-10-14 12:19:00,2016-10-14 10:39:00
183,-24.83,18.1528996664,2016-10-14 12:19:00,2016-10-14 10:39:00
184,-24.93,19.6944064647,2016-10-14 12:19:00,2016-10-14 10:39:00
185,-24.98,21.5176220326,2016-10-14 12:19:00,2016-10-14 10:39:00
186,-25.05,23.7490575457,2016-10-14 12:19:00,2016-10-14 10:39:00
187,-25.1,26.6258782703,2016-10-14 12:19:00,2016-10-14 10:39:00
188,-25.13,30.6805293513,2016-10-14 12:19:00,2016-10-14 10:39:00
189,-25.27,37.6120011569,2016-10-14 12:19:00,2016-10-14 10:39:00
190,-25.33,,2016-10-14 12:19:00,2016-10-14 10:39:00
191,-18.79,0.423305509241,2016-10-17 12:49:00,2016-10-17 11:46:00
192,-18.97,0.858209861433,2016-10-17 12:49:00,2016-10-17 11:46:00
193,-19.22,1.30536663868,2016-10-17 12:49:00,2016-10-17 11:46:00
194,-19.47,1.76548627159,2016-10-17 12:49:00,2016-10-17 11:46:00
195,-19.94,2.23934282952,2016-10-17 12:49:00,2016-10-17 11:46:00
196,-20.42,2.72778185598,2016-10-17 12:49:00,2016-10-17 11:46:00
197,-20.75,3.23172944827,2016-10-17 12:49:00,2016-10-17 11:46:00
198,-20.81,3.75220282642,2016-10-17 12:49:00,2016-10-17 11:46:00
199,-20.9,4.29032269428,2016-10-17 12:49:00,2016-10-17 11:46:00
200,-20.99,4.84732777065,2016-10-17 12:49:00,2016-10-17 11:46:00
201,-21.09,5.42459196384,2016-10-17 12:49:00,2016-10-17 11:46:00
202,-21.16,6.02364478897,2016-10-17 12:49:00,2016-10-17 11:46:00
203,-21.16,6.6461957914,2016-10-17 12:49:00,2016-10-17 11:46:00
204,-21.35,7.29416395839,2016-10-17 12:49:00,2016-10-17 11:46:00
205,-21.67,7.96971339361,2016-10-17 12:49:00,2016-10-17 11:46:00
206,-21.74,8.67529692648,2016-10-17 12:49:00,2016-10-17 11:46:00
207,-21.74,9.41370987306,2016-10-17 12:49:00,2016-10-17 11:46:00
208,-21.82,10.1881569234,2016-10-17 12:49:00,2016-10-17 11:46:00
209,-21.89,11.0023361994,2016-10-17 12:49:00,2016-10-17 11:46:00
210,-21.96,11.8605460608,2016-10-17 12:49:00,2016-10-17 11:46:00
211,-22.38,12.767822471,2016-10-17 12:49:00,2016-10-17 11:46:00
212,-22.38,13.7301180553,2016-10-17 12:49:00,2016-10-17 11:46:00
213,-22.38,14.7545390258,2016-10-17 12:49:00,2016-10-17 11:46:00
214,-22.49,15.84966397,2016-10-17 12:49:00,2016-10-17 11:46:00
215,-22.76,17.0259809883,2016-10-17 12:49:00,2016-10-17 11:46:00
216,-22.87,18.2965001578,2016-10-17 12:49:00,2016-10-17 11:46:00
217,-22.87,19.6776331258,2016-10-17 12:49:00,2016-10-17 11:46:00
218,-22.87,21.1904931227,2016-10-17 12:49:00,2016-10-17 11:46:00
219,-22.99,22.8628822602,2016-10-17 12:49:00,2016-10-17 11:46:00
220,-23.06,24.7324542547,2016-10-17 12:49:00,2016-10-17 11:46:00
221,-23.06,26.8520001694,2016-10-17 12:49:00,2016-10-17 11:46:00
222,-23.12,29.2988363571,2016-10-17 12:49:00,2016-10-17 11:46:00
223,-23.12,32.1928293221,2016-10-17 12:49:00,2016-10-17 11:46:00
224,-23.19,35.7347904541,2016-10-17 12:49:00,2016-10-17 11:46:00
225,-23.27,40.3011725565,2016-10-17 12:49:00,2016-10-17 11:46:00
226,-23.41,46.7371266534,2016-10-17 12:49:00,2016-10-17 11:46:00
227,-23.43,57.7394628528,2016-10-17 12:49:00,2016-10-17 11:46:00
228,-23.48,,2016-10-17 12:49:00,2016-10-17 11:46:00
229,-19.6,0.0710661862974,2016-10-31 17:30:00,2016-10-31 10:17:00
230,-20.42,0.144388815199,2016-10-31 17:30:00,2016-10-31 10:17:00
231,-20.49,0.220115888694,2016-10-31 17:30:00,2016-10-31 10:17:00
232,-20.59,0.298410465312,2016-10-31 17:30:00,2016-10-31 10:17:00
233,-21.08,0.379452774345,2016-10-31 17:30:00,2016-10-31 10:17:00
234,-21.08,0.463442714693,2016-10-31 17:30:00,2016-10-31 10:17:00
235,-21.08,0.550602825508,2016-10-31 17:30:00,2016-10-31 10:17:00
236,-21.24,0.641181839719,2016-10-31 17:30:00,2016-10-31 10:17:00
237,-21.39,0.735458963322,2016-10-31 17:30:00,2016-10-31 10:17:00
238,-21.42,0.833749065906,2016-10-31 17:30:00,2016-10-31 10:17:00
239,-21.47,0.936409025654,2016-10-31 17:30:00,2016-10-31 10:17:00
240,-21.62,1.04384555137,2016-10-31 17:30:00,2016-10-31 10:17:00
241,-21.67,1.15652491435,2016-10-31 17:30:00,2016-10-31 10:17:00
242,-21.67,1.27498517852,2016-10-31 17:30:00,2016-10-31 10:17:00
243,-21.77,1.39985174035,2016-10-31 17:30:00,2016-10-31 10:17:00
244,-22.02,1.53185731504,2016-10-31 17:30:00,2016-10-31 10:17:00
245,-22.02,1.67186798898,2016-10-31 17:30:00,2016-10-31 10:17:00
246,-22.08,1.82091769137,2016-10-31 17:30:00,2016-10-31 10:17:00
247,-22.18,1.98025457702,2016-10-31 17:30:00,2016-10-31 10:17:00
248,-22.18,2.15140462819,2016-10-31 17:30:00,2016-10-31 10:17:00
249,-22.18,2.336260766,2016-10-31 17:30:00,2016-10-31 10:17:00
250,-22.3,2.53721082833,2016-10-31 17:30:00,2016-10-31 10:17:00
251,-22.38,2.75732671703,2016-10-31 17:30:00,2016-10-31 10:17:00
252,-22.44,3.00065354303,2016-10-31 17:30:00,2016-10-31 10:17:00
253,-22.52,3.27266979166,2016-10-31 17:30:00,2016-10-31 10:17:00
254,-22.73,3.5810563797,2016-10-31 17:30:00,2016-10-31 10:17:00
255,-22.73,3.93706256868,2016-10-31 17:30:00,2016-10-31 10:17:00
256,-22.95,4.35812851971,2016-10-31 17:30:00,2016-10-31 10:17:00
257,-23.17,4.87347159433,2016-10-31 17:30:00,2016-10-31 10:17:00
258,-23.17,5.53786437136,2016-10-31 17:30:00,2016-10-31 10:17:00
259,-23.28,6.47427339701,2016-10-31 17:30:00,2016-10-31 10:17:00
260,-24.37,8.07507519969,2016-10-31 17:30:00,2016-10-31 10:17:00
261,-24.44,,2016-10-31 17:30:00,2016-10-31 10:17:00
262,-14.74,0.202955364356,2016-10-20 16:00:00,2016-10-20 13:45:00
263,-20.71,0.411628527073,2016-10-20 16:00:00,2016-10-20 13:45:00
264,-22.23,0.62635102243,2016-10-20 16:00:00,2016-10-20 13:45:00
265,-22.61,0.847484082798,2016-10-20 16:00:00,2016-10-20 13:45:00
266,-22.97,1.07542229514,2016-10-20 16:00:00,2016-10-20 13:45:00
267,-22.97,1.31059783822,2016-10-20 16:00:00,2016-10-20 13:45:00
268,-23.12,1.55348541468,2016-10-20 16:00:00,2016-10-20 13:45:00
269,-23.31,1.80460801969,2016-10-20 16:00:00,2016-10-20 13:45:00
270,-23.31,2.06454372199,2016-10-20 16:00:00,2016-10-20 13:45:00
271,-23.38,2.33393367881,2016-10-20 16:00:00,2016-10-20 13:45:00
272,-23.38,2.61349166387,2016-10-20 16:00:00,2016-10-20 13:45:00
273,-23.52,2.90401546501,2016-10-20 16:00:00,2016-10-20 13:45:00
274,-23.7,3.2064006096,2016-10-20 16:00:00,2016-10-20 13:45:00
275,-23.76,3.5216570127,2016-10-20 16:00:00,2016-10-20 13:45:00
276,-23.76,3.85092932804,2016-10-20 16:00:00,2016-10-20 13:45:00
277,-23.83,4.19552203645,2016-10-20 16:00:00,2016-10-20 13:45:00
278,-23.83,4.55693065993,2016-10-20 16:00:00,2016-10-20 13:45:00
279,-23.92,4.93688098872,2016-10-20 16:00:00,2016-10-20 13:45:00
280,-24.09,5.33737892406,2016-10-20 16:00:00,2016-10-20 13:45:00
281,-24.24,5.76077458213,2016-10-20 16:00:00,2016-10-20 13:45:00
282,-24.3,6.20984585485,2016-10-20 16:00:00,2016-10-20 13:45:00
283,-24.36,6.68790897439,2016-10-20 16:00:00,2016-10-20 13:45:00
284,-24.58,7.1989672817,2016-10-20 16:00:00,2016-10-20 13:45:00
285,-24.58,7.74791522358,2016-10-20 16:00:00,2016-10-20 13:45:00
286,-24.78,8.34082416931,2016-10-20 16:00:00,2016-10-20 13:45:00
287,-24.88,8.98535288775,2016-10-20 16:00:00,2016-10-20 13:45:00
288,-25.11,9.69135421963,2016-10-20 16:00:00,2016-10-20 13:45:00
289,-25.26,10.4718024838,2016-10-20 16:00:00,2016-10-20 13:45:00
290,-25.3,11.3442694146,2016-10-20 16:00:00,2016-10-20 13:45:00
291,-25.3,12.3333908414,2016-10-20 16:00:00,2016-10-20 13:45:00
292,-25.6,13.475247729,2016-10-20 16:00:00,2016-10-20 13:45:00
293,-25.6,14.8257777793,2016-10-20 16:00:00,2016-10-20 13:45:00
294,-25.96,16.4786929743,2016-10-20 16:00:00,2016-10-20 13:45:00
295,-26.37,18.6096712887,2016-10-20 16:00:00,2016-10-20 13:45:00
296,-26.44,21.613116534,2016-10-20 16:00:00,2016-10-20 13:45:00
297,-26.51,26.7475400937,2016-10-20 16:00:00,2016-10-20 13:45:00
298,-26.89,,2016-10-20 16:00:00,2016-10-20 13:45:00
299,-19.1,0.216324902039,2016-10-11 16:24:00,2016-10-11 14:10:00
300,-20.17,0.439108209126,2016-10-11 16:24:00,2016-10-11 14:10:00
301,-20.89,0.668747452908,2016-10-11 16:24:00,2016-10-11 14:10:00
302,-21.29,0.905678037345,2016-10-11 16:24:00,2016-10-11 14:10:00
303,-22.09,1.15037820767,2016-10-11 16:24:00,2016-10-11 14:10:00
304,-22.09,1.40337486196,2016-10-11 16:24:00,2016-10-11 14:10:00
305,-22.09,1.66525038294,2016-10-11 16:24:00,2016-10-11 14:10:00
306,-22.15,1.93665071258,2016-10-11 16:24:00,2016-10-11 14:10:00
307,-22.23,2.21829495125,2016-10-11 16:24:00,2016-10-11 14:10:00
308,-22.33,2.51098684046,2016-10-11 16:24:00,2016-10-11 14:10:00
309,-22.35,2.81562859061,2016-10-11 16:24:00,2016-10-11 14:10:00
310,-23.13,3.13323765343,2016-10-11 16:24:00,2016-10-11 14:10:00
311,-23.34,3.46496722486,2016-10-11 16:24:00,2016-10-11 14:10:00
312,-23.52,3.81213152064,2016-10-11 16:24:00,2016-10-11 14:10:00
313,-23.7,4.1762372234,2016-10-11 16:24:00,2016-10-11 14:10:00
314,-24.04,4.55902300241,2016-10-11 16:24:00,2016-10-11 14:10:00
315,-24.09,4.96250972831,2016-10-11 16:24:00,2016-10-11 14:10:00
316,-24.5,5.38906505547,2016-10-11 16:24:00,2016-10-11 14:10:00
317,-24.54,5.84148760634,2016-10-11 16:24:00,2016-10-11 14:10:00
318,-24.59,6.3231183611,2016-10-11 16:24:00,2016-10-11 14:10:00
319,-24.66,6.83799053637,2016-10-11 16:24:00,2016-10-11 14:10:00
320,-24.71,7.39103510469,2016-10-11 16:24:00,2016-10-11 14:10:00
321,-24.73,7.98836874404,2016-10-11 16:24:00,2016-10-11 14:10:00
322,-24.8,8.63770737829,2016-10-11 16:24:00,2016-10-11 14:10:00
323,-24.84,9.34897737683,2016-10-11 16:24:00,2016-10-11 14:10:00
324,-24.95,10.1352498817,2016-10-11 16:24:00,2016-10-11 14:10:00
325,-24.95,11.0142277598,2016-10-11 16:24:00,2016-10-11 14:10:00
326,-25.01,12.0107306898,2016-10-11 16:24:00,2016-10-11 14:10:00
327,-25.31,13.1611088975,2016-10-11 16:24:00,2016-10-11 14:10:00
328,-25.35,14.5217175303,2016-10-11 16:24:00,2016-10-11 14:10:00
329,-25.46,16.1869679132,2016-10-11 16:24:00,2016-10-11 14:10:00
330,-25.81,18.3338490509,2016-10-11 16:24:00,2016-10-11 14:10:00
331,-25.84,21.3597080666,2016-10-11 16:24:00,2016-10-11 14:10:00
332,-25.88,26.5324482201,2016-10-11 16:24:00,2016-10-11 14:10:00
333,-26.24,,2016-10-11 16:24:00,2016-10-11 14:10:00
334,-21.93,0.103297450345,2016-10-11 14:03:00,2016-10-11 10:40:00
335,-22.22,0.209773777912,2016-10-11 14:03:00,2016-10-11 10:40:00
336,-22.22,0.319630865505,2016-10-11 14:03:00,2016-10-11 10:40:00
337,-22.34,0.433090460048,2016-10-11 14:03:00,2016-10-11 10:40:00
338,-22.48,0.550396867231,2016-10-11 14:03:00,2016-10-11 10:40:00
339,-22.57,0.671820119173,2016-10-11 14:03:00,2016-10-11 10:40:00
340,-22.62,0.79765971838,2016-10-11 14:03:00,2016-10-11 10:40:00
341,-22.63,0.928249088563,2016-10-11 14:03:00,2016-10-11 10:40:00
342,-22.74,1.06396089878,2016-10-11 14:03:00,2016-10-11 10:40:00
343,-22.78,1.20521347498,2016-10-11 14:03:00,2016-10-11 10:40:00
344,-23.45,1.35247857677,2016-10-11 14:03:00,2016-10-11 10:40:00
345,-23.59,1.50629090401,2016-10-11 14:03:00,2016-10-11 10:40:00
346,-23.84,1.66725981624,2016-10-11 14:03:00,2016-10-11 10:40:00
347,-23.91,1.83608391371,2016-10-11 14:03:00,2016-10-11 10:40:00
348,-23.93,2.01356936142,2016-10-11 14:03:00,2016-10-11 10:40:00
349,-24.12,2.20065317204,2016-10-11 14:03:00,2016-10-11 10:40:00
350,-24.12,2.39843315073,2016-10-11 14:03:00,2016-10-11 10:40:00
351,-24.16,2.60820692864,2016-10-11 14:03:00,2016-10-11 10:40:00
352,-24.16,2.83152361077,2016-10-11 14:03:00,2016-10-11 10:40:00
353,-24.17,3.0702532699,2016-10-11 14:03:00,2016-10-11 10:40:00
354,-24.54,3.32668223929,2016-10-11 14:03:00,2016-10-11 10:40:00
355,-24.7,3.6036466257,2016-10-11 14:03:00,2016-10-11 10:40:00
356,-24.7,3.90472405473,2016-10-11 14:03:00,2016-10-11 10:40:00
357,-24.86,4.23451706444,2016-10-11 14:03:00,2016-10-11 10:40:00
358,-25.09,4.59908632277,2016-10-11 14:03:00,2016-10-11 10:40:00
359,-25.12,5.00664007936,2016-10-11 14:03:00,2016-10-11 10:40:00
360,-25.18,5.46868642063,2016-10-11 14:03:00,2016-10-11 10:40:00
361,-25.33,6.00207977643,2016-10-11 14:03:00,2016-10-11 10:40:00
362,-25.4,6.63295021516,2016-10-11 14:03:00,2016-10-11 10:40:00
363,-25.54,7.40507323009,2016-10-11 14:03:00,2016-10-11 10:40:00
364,-25.87,8.40051292716,2016-10-11 14:03:00,2016-10-11 10:40:00
365,-26.59,9.80350638082,2016-10-11 14:03:00,2016-10-11 10:40:00
366,-26.97,12.2019395315,2016-10-11 14:03:00,2016-10-11 10:40:00
367,-27.46,,2016-10-11 14:03:00,2016-10-11 10:40:00
368,-19.91,0.0944219442125,2016-10-10 16:36:00,2016-10-10 11:29:00
369,-20.63,0.191662866524,2016-10-10 16:36:00,2016-10-10 11:29:00
370,-20.89,0.291896282377,2016-10-10 16:36:00,2016-10-10 11:29:00
371,-21.15,0.395312237799,2016-10-10 16:36:00,2016-10-10 11:29:00
372,-21.21,0.502119478265,2016-10-10 16:36:00,2016-10-10 11:29:00
373,-21.27,0.612547985352,2016-10-10 16:36:00,2016-10-10 11:29:00
374,-21.35,0.726851958678,2016-10-10 16:36:00,2016-10-10 11:29:00
375,-21.36,0.845313340342,2016-10-10 16:36:00,2016-10-10 11:29:00
376,-21.43,0.968246004782,2016-10-10 16:36:00,2016-10-10 11:29:00
377,-21.61,1.09600077075,2016-10-10 16:36:00,2016-10-10 11:29:00
378,-21.75,1.22897143694,2016-10-10 16:36:00,2016-10-10 11:29:00
379,-21.94,1.3676021028,2016-10-10 16:36:00,2016-10-10 11:29:00
380,-21.94,1.51239611769,2016-10-10 16:36:00,2016-10-10 11:29:00
381,-21.94,1.66392711324,2016-10-10 16:36:00,2016-10-10 11:29:00
382,-21.98,1.82285272943,2016-10-10 16:36:00,2016-10-10 11:29:00
383,-22.0,1.98993186424,2016-10-10 16:36:00,2016-10-10 11:29:00
384,-22.06,2.16604659151,2016-10-10 16:36:00,2016-10-10 11:29:00
385,-22.24,2.35223034995,2016-10-10 16:36:00,2016-10-10 11:29:00
386,-22.28,2.54970468811,2016-10-10 16:36:00,2016-10-10 11:29:00
387,-22.34,2.759927884,2016-10-10 16:36:00,2016-10-10 11:29:00
388,-22.49,2.98466036441,2016-10-10 16:36:00,2016-10-10 11:29:00
389,-22.8,3.22605441051,2016-10-10 16:36:00,2016-10-10 11:29:00
390,-22.93,3.48677984268,2016-10-10 16:36:00,2016-10-10 11:29:00
391,-23.04,3.77020452342,2016-10-10 16:36:00,2016-10-10 11:29:00
392,-23.11,4.08066113516,2016-10-10 16:36:00,2016-10-10 11:29:00
393,-23.11,4.42385499724,2016-10-10 16:36:00,2016-10-10 11:29:00
394,-23.19,4.80751309384,2016-10-10 16:36:00,2016-10-10 11:29:00
395,-23.23,5.24246877014,2016-10-10 16:36:00,2016-10-10 11:29:00
396,-23.69,5.74458824841,2016-10-10 16:36:00,2016-10-10 11:29:00
397,-24.04,6.3384695409,2016-10-10 16:36:00,2016-10-10 11:29:00
398,-24.14,7.06532149957,2016-10-10 16:36:00,2016-10-10 11:29:00
399,-24.14,8.00239665414,2016-10-10 16:36:00,2016-10-10 11:29:00
400,-24.61,9.32312990531,2016-10-10 16:36:00,2016-10-10 11:29:00
401,-24.8,11.580938311,2016-10-10 16:36:00,2016-10-10 11:29:00
402,-26.0,,2016-10-10 16:36:00,2016-10-10 11:29:00
403,-18.91,0.14972521837,2016-10-03 13:59:00,2016-10-03 10:20:00
404,-20.18,0.304526824195,2016-10-03 13:59:00,2016-10-03 10:20:00
405,-21.02,0.464761161233,2016-10-03 13:59:00,2016-10-03 10:20:00
406,-21.02,0.630823463383,2016-10-03 13:59:00,2016-10-03 10:20:00
407,-21.17,0.803153728145,2016-10-03 13:59:00,2016-10-03 10:20:00
408,-21.18,0.982243742543,2016-10-03 13:59:00,2016-10-03 10:20:00
409,-21.39,1.16864554401,2016-10-03 13:59:00,2016-10-03 10:20:00
410,-21.63,1.3629816829,2016-10-03 13:59:00,2016-10-03 10:20:00
411,-21.76,1.5659577677,2016-10-03 13:59:00,2016-10-03 10:20:00
412,-22.19,1.77837793042,2016-10-03 13:59:00,2016-10-03 10:20:00
413,-22.19,2.00116406818,2016-10-03 13:59:00,2016-10-03 10:20:00
414,-22.22,2.23538002429,2016-10-03 13:59:00,2016-10-03 10:20:00
415,-22.46,2.48226231319,2016-10-03 13:59:00,2016-10-03 10:20:00
416,-22.54,2.74325963666,2016-10-03 13:59:00,2016-10-03 10:20:00
417,-22.72,3.02008439381,2016-10-03 13:59:00,2016-10-03 10:20:00
418,-22.79,3.31478083737,2016-10-03 13:59:00,2016-10-03 10:20:00
419,-22.9,3.62981678023,2016-10-03 13:59:00,2016-10-03 10:20:00
420,-23.01,3.96820934714,2016-10-03 13:59:00,2016-10-03 10:20:00
421,-23.06,4.333701163,2016-10-03 13:59:00,2016-10-03 10:20:00
422,-23.06,4.7310133867,2016-10-03 13:59:00,2016-10-03 10:20:00
423,-23.12,5.16621968717,2016-10-03 13:59:00,2016-10-03 10:20:00
424,-23.19,5.64731793219,2016-10-03 13:59:00,2016-10-03 10:20:00
425,-23.27,6.18514001281,2016-10-03 13:59:00,2016-10-03 10:20:00
426,-23.38,6.79487239922,2016-10-03 13:59:00,2016-10-03 10:20:00
427,-23.77,7.498756782,2016-10-03 13:59:00,2016-10-03 10:20:00
428,-23.89,8.33127530617,2016-10-03 13:59:00,2016-10-03 10:20:00
429,-24.13,9.3501956318,2016-10-03 13:59:00,2016-10-03 10:20:00
430,-24.18,10.663812401,2016-10-03 13:59:00,2016-10-03 10:20:00
431,-24.33,12.5152512508,2016-10-03 13:59:00,2016-10-03 10:20:00
432,-24.48,15.6803068698,2016-10-03 13:59:00,2016-10-03 10:20:00
433,-24.8,,2016-10-03 13:59:00,2016-10-03 10:20:00
434,-16.66,0.0709366104688,2016-09-28 15:40:00,2016-09-28 13:34:00
435,-17.46,0.144056225208,2016-09-28 15:40:00,2016-09-28 13:34:00
436,-20.11,0.219497481539,2016-09-28 15:40:00,2016-09-28 13:34:00
437,-20.22,0.297412657908,2016-09-28 15:40:00,2016-09-28 13:34:00
438,-20.28,0.377969524355,2016-09-28 15:40:00,2016-09-28 13:34:00
439,-20.39,0.461353517824,2016-09-28 15:40:00,2016-09-28 13:34:00
440,-20.44,0.547770313211,2016-09-28 15:40:00,2016-09-28 13:34:00
441,-20.49,0.637448879847,2016-09-28 15:40:00,2016-09-28 13:34:00
442,-20.55,0.730645137696,2016-09-28 15:40:00,2016-09-28 13:34:00
443,-20.73,0.827646360299,2016-09-28 15:40:00,2016-09-28 13:34:00
444,-20.92,0.928776515272,2016-09-28 15:40:00,2016-09-28 13:34:00
445,-21.22,1.03440279265,2016-09-28 15:40:00,2016-09-28 13:34:00
446,-21.4,1.14494365291,2016-09-28 15:40:00,2016-09-28 13:34:00
447,-21.56,1.26087884009,2016-09-28 15:40:00,2016-09-28 13:34:00
448,-21.56,1.38276196524,2016-09-28 15:40:00,2016-09-28 13:34:00
449,-21.64,1.51123649539,2016-09-28 15:40:00,2016-09-28 13:34:00
450,-21.69,1.64705631727,2016-09-28 15:40:00,2016-09-28 13:34:00
451,-21.79,1.79111254248,2016-09-28 15:40:00,2016-09-28 13:34:00
452,-21.88,1.94446897518,2016-09-28 15:40:00,2016-09-28 13:34:00
453,-21.96,2.10840983509,2016-09-28 15:40:00,2016-09-28 13:34:00
454,-22.08,2.28450519712,2016-09-28 15:40:00,2016-09-28 13:34:00
455,-22.08,2.47470267757,2016-09-28 15:40:00,2016-09-28 13:34:00
456,-22.15,2.68145910992,2016-09-28 15:40:00,2016-09-28 13:34:00
457,-22.16,2.90793515736,2016-09-28 15:40:00,2016-09-28 13:34:00
458,-22.16,3.15829281266,2016-09-28 15:40:00,2016-09-28 13:34:00
459,-22.2,3.43816885975,2016-09-28 15:40:00,2016-09-28 13:34:00
460,-22.56,3.75546615236,2016-09-28 15:40:00,2016-09-28 13:34:00
461,-22.69,4.12175899484,2016-09-28 15:40:00,2016-09-28 13:34:00
462,-22.69,4.55499147463,2016-09-28 15:40:00,2016-09-28 13:34:00
463,-22.81,5.08522517702,2016-09-28 15:40:00,2016-09-28 13:34:00
464,-22.85,5.76881531211,2016-09-28 15:40:00,2016-09-28 13:34:00
465,-23.37,6.73228149429,2016-09-28 15:40:00,2016-09-28 13:34:00
466,-23.45,8.37933781156,2016-09-28 15:40:00,2016-09-28 13:34:00
467,-23.54,,2016-09-28 15:40:00,2016-09-28 13:34:00
468,-14.26,0.152216523267,2016-09-26 15:00:00,2016-09-26 12:00:00
469,-21.07,0.308721395305,2016-09-26 15:00:00,2016-09-26 12:00:00
470,-21.29,0.469763266823,2016-09-26 15:00:00,2016-09-26 12:00:00
471,-21.31,0.635613062099,2016-09-26 15:00:00,2016-09-26 12:00:00
472,-21.45,0.806566721358,2016-09-26 15:00:00,2016-09-26 12:00:00
473,-22.09,0.982948378662,2016-09-26 15:00:00,2016-09-26 12:00:00
474,-22.19,1.16511406101,2016-09-26 15:00:00,2016-09-26 12:00:00
475,-22.48,1.35345601477,2016-09-26 15:00:00,2016-09-26 12:00:00
476,-22.59,1.54840779149,2016-09-26 15:00:00,2016-09-26 12:00:00
477,-22.71,1.75045025911,2016-09-26 15:00:00,2016-09-26 12:00:00
478,-22.78,1.9601187479,2016-09-26 15:00:00,2016-09-26 12:00:00
479,-22.82,2.17801159876,2016-09-26 15:00:00,2016-09-26 12:00:00
480,-22.93,2.4048004572,2016-09-26 15:00:00,2016-09-26 12:00:00
481,-23.01,2.64124275953,2016-09-26 15:00:00,2016-09-26 12:00:00
482,-23.11,2.88819699603,2016-09-26 15:00:00,2016-09-26 12:00:00
483,-23.11,3.14664152734,2016-09-26 15:00:00,2016-09-26 12:00:00
484,-23.11,3.41769799495,2016-09-26 15:00:00,2016-09-26 12:00:00
485,-23.17,3.70266074154,2016-09-26 15:00:00,2016-09-26 12:00:00
486,-23.3,4.00303419304,2016-09-26 15:00:00,2016-09-26 12:00:00
487,-23.3,4.3205809366,2016-09-26 15:00:00,2016-09-26 12:00:00
488,-23.34,4.65738439114,2016-09-26 15:00:00,2016-09-26 12:00:00
489,-23.39,5.01593173079,2016-09-26 15:00:00,2016-09-26 12:00:00
490,-23.46,5.39922546127,2016-09-26 15:00:00,2016-09-26 12:00:00
491,-23.8,5.81093641768,2016-09-26 15:00:00,2016-09-26 12:00:00
492,-23.84,6.25561812698,2016-09-26 15:00:00,2016-09-26 12:00:00
493,-23.84,6.73901466581,2016-09-26 15:00:00,2016-09-26 12:00:00
494,-24.03,7.26851566472,2016-09-26 15:00:00,2016-09-26 12:00:00
495,-24.16,7.85385186282,2016-09-26 15:00:00,2016-09-26 12:00:00
496,-24.23,8.50820206091,2016-09-26 15:00:00,2016-09-26 12:00:00
497,-24.78,9.25004313105,2016-09-26 15:00:00,2016-09-26 12:00:00
498,-24.8,10.1064357968,2016-09-26 15:00:00,2016-09-26 12:00:00
499,-25.16,11.1193333345,2016-09-26 15:00:00,2016-09-26 12:00:00
500,-25.26,12.3590197307,2016-09-26 15:00:00,2016-09-26 12:00:00
501,-25.37,13.9572534665,2016-09-26 15:00:00,2016-09-26 12:00:00
502,-25.45,16.2098374005,2016-09-26 15:00:00,2016-09-26 12:00:00
503,-25.45,20.0606550702,2016-09-26 15:00:00,2016-09-26 12:00:00
504,-25.71,,2016-09-26 15:00:00,2016-09-26 12:00:00
505,-19.36,0.0479497417429,2016-09-26 15:12:00,2016-09-26 12:11:00
506,-19.78,0.0973310285886,2016-09-26 15:12:00,2016-09-26 12:11:00
507,-20.3,0.148231975865,2016-09-26 15:12:00,2016-09-26 12:11:00
508,-20.3,0.200749093533,2016-09-26 15:12:00,2016-09-26 12:11:00
509,-20.43,0.254988387579,2016-09-26 15:12:00,2016-09-26 12:11:00
510,-20.58,0.3110666482,2016-09-26 15:12:00,2016-09-26 12:11:00
511,-20.71,0.369112964095,2016-09-26 15:12:00,2016-09-26 12:11:00
512,-20.91,0.429270512266,2016-09-26 15:12:00,2016-09-26 12:11:00
513,-21.05,0.491698685725,2016-09-26 15:12:00,2016-09-26 12:11:00
514,-21.53,0.556575638703,2016-09-26 15:12:00,2016-09-26 12:11:00
515,-21.57,0.624101351675,2016-09-26 15:12:00,2016-09-26 12:11:00
516,-21.57,0.694501349059,2016-09-26 15:12:00,2016-09-26 12:11:00
517,-21.7,0.768031243807,2016-09-26 15:12:00,2016-09-26 12:11:00
518,-21.76,0.844982339905,2016-09-26 15:12:00,2016-09-26 12:11:00
519,-21.83,0.925688602798,2016-09-26 15:12:00,2016-09-26 12:11:00
520,-21.99,1.0105354192,2016-09-26 15:12:00,2016-09-26 12:11:00
521,-21.99,1.09997072748,2016-09-26 15:12:00,2016-09-26 12:11:00
522,-22.08,1.19451933277,2016-09-26 15:12:00,2016-09-26 12:11:00
523,-22.16,1.29480156689,2016-09-26 15:12:00,2016-09-26 12:11:00
524,-22.2,1.40155797861,2016-09-26 15:12:00,2016-09-26 12:11:00
525,-22.37,1.51568255512,2016-09-26 15:12:00,2016-09-26 12:11:00
526,-22.49,1.63826827675,2016-09-26 15:12:00,2016-09-26 12:11:00
527,-22.49,1.7706709427,2016-09-26 15:12:00,2016-09-26 12:11:00
528,-22.49,1.91460083483,2016-09-26 15:12:00,2016-09-26 12:11:00
529,-22.49,2.07225819383,2016-09-26 15:12:00,2016-09-26 12:11:00
530,-22.66,2.24654031851,2016-09-26 15:12:00,2016-09-26 12:11:00
531,-22.82,2.44137115792,2016-09-26 15:12:00,2016-09-26 12:11:00
532,-22.93,2.66225214615,2016-09-26 15:12:00,2016-09-26 12:11:00
533,-22.99,2.91724053373,2016-09-26 15:12:00,2016-09-26 12:11:00
534,-23.09,3.21882778485,2016-09-26 15:12:00,2016-09-26 12:11:00
535,-23.09,3.58794074895,2016-09-26 15:12:00,2016-09-26 12:11:00
536,-23.68,4.06381012476,2016-09-26 15:12:00,2016-09-26 12:11:00
537,-23.8,4.73451033998,2016-09-26 15:12:00,2016-09-26 12:11:00
538,-24.62,5.881079931,2016-09-26 15:12:00,2016-09-26 12:11:00
539,-24.78,,2016-09-26 15:12:00,2016-09-26 12:11:00
540,-14.5,0.0779151763687,2016-09-26 17:34:00,2016-09-26 15:28:00
541,-18.92,0.158472042816,2016-09-26 17:34:00,2016-09-26 15:28:00
542,-20.03,0.241856036284,2016-09-26 17:34:00,2016-09-26 15:28:00
543,-20.08,0.328272831672,2016-09-26 17:34:00,2016-09-26 15:28:00
544,-20.18,0.417951398307,2016-09-26 17:34:00,2016-09-26 15:28:00
545,-20.45,0.511147656157,2016-09-26 17:34:00,2016-09-26 15:28:00
546,-20.73,0.60814887876,2016-09-26 17:34:00,2016-09-26 15:28:00
547,-20.73,0.709279033733,2016-09-26 17:34:00,2016-09-26 15:28:00
548,-21.21,0.814905311108,2016-09-26 17:34:00,2016-09-26 15:28:00
549,-21.32,0.925446171376,2016-09-26 17:34:00,2016-09-26 15:28:00
550,-21.59,1.04138135855,2016-09-26 17:34:00,2016-09-26 15:28:00
551,-21.7,1.1632644837,2016-09-26 17:34:00,2016-09-26 15:28:00
552,-21.86,1.29173901385,2016-09-26 17:34:00,2016-09-26 15:28:00
553,-21.86,1.42755883573,2016-09-26 17:34:00,2016-09-26 15:28:00
554,-22.21,1.57161506094,2016-09-26 17:34:00,2016-09-26 15:28:00
555,-22.26,1.72497149364,2016-09-26 17:34:00,2016-09-26 15:28:00
556,-22.51,1.88891235355,2016-09-26 17:34:00,2016-09-26 15:28:00
557,-22.63,2.06500771558,2016-09-26 17:34:00,2016-09-26 15:28:00
558,-22.76,2.25520519603,2016-09-26 17:34:00,2016-09-26 15:28:00
559,-23.16,2.46196162838,2016-09-26 17:34:00,2016-09-26 15:28:00
560,-23.18,2.68843767582,2016-09-26 17:34:00,2016-09-26 15:28:00
561,-23.62,2.93879533112,2016-09-26 17:34:00,2016-09-26 15:28:00
562,-23.64,3.21867137821,2016-09-26 17:34:00,2016-09-26 15:28:00
563,-23.82,3.53596867082,2016-09-26 17:34:00,2016-09-26 15:28:00
564,-24.0,3.9022615133,2016-09-26 17:34:00,2016-09-26 15:28:00
565,-24.03,4.33549399309,2016-09-26 17:34:00,2016-09-26 15:28:00
566,-24.08,4.86572769548,2016-09-26 17:34:00,2016-09-26 15:28:00
567,-24.5,5.54931783057,2016-09-26 17:34:00,2016-09-26 15:28:00
568,-24.51,6.51278401275,2016-09-26 17:34:00,2016-09-26 15:28:00
569,-24.67,8.15984033002,2016-09-26 17:34:00,2016-09-26 15:28:00
570,-24.7,,2016-09-26 17:34:00,2016-09-26 15:28:00
571,-18.96,0.199019754331,2016-10-06 16:54:00,2016-10-06 14:24:00
572,-19.3,0.404164145443,2016-10-06 16:54:00,2016-10-06 14:24:00
573,-19.32,0.615822134207,2016-10-06 16:54:00,2016-10-06 14:24:00
574,-20.3,0.834420953027,2016-10-06 16:54:00,2016-10-06 14:24:00
575,-20.87,1.06043129753,2016-10-06 16:54:00,2016-10-06 14:24:00
576,-21.52,1.29437342961,2016-10-06 16:54:00,2016-10-06 14:24:00
577,-21.73,1.53682439075,2016-10-06 16:54:00,2016-10-06 14:24:00
578,-21.73,1.7884265773,2016-10-06 16:54:00,2016-10-06 14:24:00
579,-21.9,2.04989799832,2016-10-06 16:54:00,2016-10-06 14:24:00
580,-21.9,2.32204462845,2016-10-06 16:54:00,2016-10-06 14:24:00
581,-22.03,2.60577539125,2016-10-06 16:54:00,2016-10-06 14:24:00
582,-22.14,2.90212047505,2016-10-06 16:54:00,2016-10-06 14:24:00
583,-22.2,3.21225391262,2016-10-06 16:54:00,2016-10-06 14:24:00
584,-22.2,3.53752167375,2016-10-06 16:54:00,2016-10-06 14:24:00
585,-22.2,3.87947696966,2016-10-06 16:54:00,2016-10-06 14:24:00
586,-22.34,4.23992511147,2016-10-06 16:54:00,2016-10-06 14:24:00
587,-22.62,4.62098120373,2016-10-06 16:54:00,2016-10-06 14:24:00
588,-22.64,5.02514534918,2016-10-06 16:54:00,2016-10-06 14:24:00
589,-22.93,5.45540215676,2016-10-06 16:54:00,2016-10-06 14:24:00
590,-22.93,5.91535463334,2016-10-06 16:54:00,2016-10-06 14:24:00
591,-23.05,6.40940778103,2016-10-06 16:54:00,2016-10-06 14:24:00
592,-23.16,6.94302583219,2016-10-06 16:54:00,2016-10-06 14:24:00
593,-23.19,7.52310167879,2016-10-06 16:54:00,2016-10-06 14:24:00
594,-23.39,8.15850287748,2016-10-06 16:54:00,2016-10-06 14:24:00
595,-23.39,8.8609063152,2016-10-06 16:54:00,2016-10-06 14:24:00
596,-23.68,9.64612655291,2016-10-06 16:54:00,2016-10-06 14:24:00
597,-23.68,10.5363358371,2016-10-06 16:54:00,2016-10-06 14:24:00
598,-23.87,11.5640070359,2016-10-06 16:54:00,2016-10-06 14:24:00
599,-24.0,12.7794840812,2016-10-06 16:54:00,2016-10-06 14:24:00
600,-24.13,14.2671077566,2016-10-06 16:54:00,2016-10-06 14:24:00
601,-24.33,16.1849882397,2016-10-06 16:54:00,2016-10-06 14:24:00
602,-24.43,18.8880889604,2016-10-06 16:54:00,2016-10-06 14:24:00
603,-25.35,23.5090701641,2016-10-06 16:54:00,2016-10-06 14:24:00
604,-25.4,,2016-10-06 16:54:00,2016-10-06 14:24:00
605,-19.2,0.205144391112,2016-10-06 14:10:00,2016-10-06 11:40:00
606,-19.98,0.416802379876,2016-10-06 14:10:00,2016-10-06 11:40:00
607,-20.28,0.635401198695,2016-10-06 14:10:00,2016-10-06 11:40:00
608,-20.34,0.8614115432,2016-10-06 14:10:00,2016-10-06 11:40:00
609,-20.82,1.09535367528,2016-10-06 14:10:00,2016-10-06 11:40:00
610,-21.14,1.33780463641,2016-10-06 14:10:00,2016-10-06 11:40:00
611,-21.24,1.58940682297,2016-10-06 14:10:00,2016-10-06 11:40:00
612,-21.49,1.85087824399,2016-10-06 14:10:00,2016-10-06 11:40:00
613,-21.73,2.12302487412,2016-10-06 14:10:00,2016-10-06 11:40:00
614,-21.73,2.40675563692,2016-10-06 14:10:00,2016-10-06 11:40:00
615,-21.84,2.70310072072,2016-10-06 14:10:00,2016-10-06 11:40:00
616,-21.88,3.01323415829,2016-10-06 14:10:00,2016-10-06 11:40:00
617,-22.4,3.33850191942,2016-10-06 14:10:00,2016-10-06 11:40:00
618,-22.65,3.68045721533,2016-10-06 14:10:00,2016-10-06 11:40:00
619,-22.67,4.04090535714,2016-10-06 14:10:00,2016-10-06 11:40:00
620,-22.8,4.4219614494,2016-10-06 14:10:00,2016-10-06 11:40:00
621,-22.87,4.82612559484,2016-10-06 14:10:00,2016-10-06 11:40:00
622,-23.21,5.25638240243,2016-10-06 14:10:00,2016-10-06 11:40:00
623,-23.41,5.71633487901,2016-10-06 14:10:00,2016-10-06 11:40:00
624,-23.41,6.2103880267,2016-10-06 14:10:00,2016-10-06 11:40:00
625,-23.57,6.74400607786,2016-10-06 14:10:00,2016-10-06 11:40:00
626,-23.59,7.32408192445,2016-10-06 14:10:00,2016-10-06 11:40:00
627,-23.69,7.95948312315,2016-10-06 14:10:00,2016-10-06 11:40:00
628,-24.2,8.66188656087,2016-10-06 14:10:00,2016-10-06 11:40:00
629,-24.75,9.44710679858,2016-10-06 14:10:00,2016-10-06 11:40:00
630,-24.79,10.3373160827,2016-10-06 14:10:00,2016-10-06 11:40:00
631,-24.93,11.3649872816,2016-10-06 14:10:00,2016-10-06 11:40:00
632,-25.51,12.5804643269,2016-10-06 14:10:00,2016-10-06 11:40:00
633,-26.06,14.0680880023,2016-10-06 14:10:00,2016-10-06 11:40:00
634,-26.06,15.9859684853,2016-10-06 14:10:00,2016-10-06 11:40:00
635,-26.06,18.689069206,2016-10-06 14:10:00,2016-10-06 11:40:00
636,-26.41,23.3100504098,2016-10-06 14:10:00,2016-10-06 11:40:00
637,-26.43,,2016-10-06 14:10:00,2016-10-06 11:40:00
638,-14.93,0.159641514169,2016-10-18 13:52:00,2016-10-18 10:45:00
639,-16.03,0.324195838591,2016-10-18 13:52:00,2016-10-18 10:45:00
640,-18.99,0.493974973963,2016-10-18 13:52:00,2016-10-18 10:45:00
641,-19.69,0.669321620075,2016-10-18 13:52:00,2016-10-18 10:45:00
642,-20.51,0.850613340266,2016-10-18 13:52:00,2016-10-18 10:45:00
643,-20.59,1.0382674569,2016-10-18 13:52:00,2016-10-18 10:45:00
644,-20.9,1.2327468375,2016-10-18 13:52:00,2016-10-18 10:45:00
645,-20.99,1.43456677323,2016-10-18 13:52:00,2016-10-18 10:45:00
646,-20.99,1.64430320721,2016-10-18 13:52:00,2016-10-18 10:45:00
647,-21.16,1.86260264315,2016-10-18 13:52:00,2016-10-18 10:45:00
648,-21.24,2.0901941641,2016-10-18 13:52:00,2016-10-18 10:45:00
649,-21.32,2.32790412437,2016-10-18 13:52:00,2016-10-18 10:45:00
650,-21.35,2.57667426146,2016-10-18 13:52:00,2016-10-18 10:45:00
651,-21.6,2.83758423028,2016-10-18 13:52:00,2016-10-18 10:45:00
652,-21.6,3.11187992219,2016-10-18 13:52:00,2016-10-18 10:45:00
653,-21.6,3.4010094477,2016-10-18 13:52:00,2016-10-18 10:45:00
654,-21.82,3.70666941476,2016-10-18 13:52:00,2016-10-18 10:45:00
655,-21.9,4.03086525335,2016-10-18 13:52:00,2016-10-18 10:45:00
656,-21.9,4.37599103483,2016-10-18 13:52:00,2016-10-18 10:45:00
657,-22.09,4.74493687166,2016-10-18 13:52:00,2016-10-18 10:45:00
658,-22.19,5.14123618799,2016-10-18 13:52:00,2016-10-18 10:45:00
659,-22.25,5.5692720579,2016-10-18 13:52:00,2016-10-18 10:45:00
660,-22.29,6.03457353913,2016-10-18 13:52:00,2016-10-18 10:45:00
661,-22.29,6.54425364504,2016-10-18 13:52:00,2016-10-18 10:45:00
662,-22.35,7.10767886246,2016-10-18 13:52:00,2016-10-18 10:45:00
663,-22.4,7.73753466811,2016-10-18 13:52:00,2016-10-18 10:45:00
664,-22.49,8.45160628642,2016-10-18 13:52:00,2016-10-18 10:45:00
665,-22.59,9.27594147266,2016-10-18 13:52:00,2016-10-18 10:45:00
666,-22.8,10.2509230598,2016-10-18 13:52:00,2016-10-18 10:45:00
667,-23.15,11.4442040829,2016-10-18 13:52:00,2016-10-18 10:45:00
668,-23.31,12.9826108874,2016-10-18 13:52:00,2016-10-18 10:45:00
669,-23.31,15.1508734976,2016-10-18 13:52:00,2016-10-18 10:45:00
670,-23.79,18.8575429124,2016-10-18 13:52:00,2016-10-18 10:45:00
671,-23.87,,2016-10-18 13:52:00,2016-10-18 10:45:00
672,-20.35,0.220398736216,2016-09-30 16:21:00,2016-09-30 14:20:00
673,-20.77,0.446836539424,2016-09-30 16:21:00,2016-09-30 14:20:00
674,-21.42,0.679653704438,2016-09-30 16:21:00,2016-09-30 14:20:00
675,-21.58,0.919220124878,2016-09-30 16:21:00,2016-09-30 14:20:00
676,-22.87,1.16593882859,2016-09-30 16:21:00,2016-09-30 14:20:00
677,-23.26,1.42025005725,2016-09-30 16:21:00,2016-09-30 14:20:00
678,-23.28,1.68263599373,2016-09-30 16:21:00,2016-09-30 14:20:00
679,-23.56,1.95362626499,2016-09-30 16:21:00,2016-09-30 14:20:00
680,-23.6,2.23380437802,2016-09-30 16:21:00,2016-09-30 14:20:00
681,-23.64,2.52381528555,2016-09-30 16:21:00,2016-09-30 14:20:00
682,-23.66,2.82437432828,2016-09-30 16:21:00,2016-09-30 14:20:00
683,-23.66,3.13627786533,2016-09-30 16:21:00,2016-09-30 14:20:00
684,-23.71,3.46041599056,2016-09-30 16:21:00,2016-09-30 14:20:00
685,-23.71,3.7977878461,2016-09-30 16:21:00,2016-09-30 14:20:00
686,-24.03,4.14952019667,2016-09-30 16:21:00,2016-09-30 14:20:00
687,-24.03,4.51689013527,2016-09-30 16:21:00,2016-09-30 14:20:00
688,-24.09,4.9013530744,2016-09-30 16:21:00,2016-09-30 14:20:00
689,-24.3,5.30457757167,2016-09-30 16:21:00,2016-09-30 14:20:00
690,-24.39,5.72848909554,2016-09-30 16:21:00,2016-09-30 14:20:00
691,-24.44,6.17532563496,2016-09-30 16:21:00,2016-09-30 14:20:00
692,-24.53,6.64770922041,2016-09-30 16:21:00,2016-09-30 14:20:00
693,-24.66,7.14873915278,2016-09-30 16:21:00,2016-09-30 14:20:00
694,-24.68,7.68211536053,2016-09-30 16:21:00,2016-09-30 14:20:00
695,-24.83,8.25230438108,2016-09-30 16:21:00,2016-09-30 14:20:00
696,-24.95,8.86476696087,2016-09-30 16:21:00,2016-09-30 14:20:00
697,-24.95,9.52627694164,2016-09-30 16:21:00,2016-09-30 14:20:00
698,-25.09,10.2453792308,2016-09-30 16:21:00,2016-09-30 14:20:00
699,-25.21,11.0330666672,2016-09-30 16:21:00,2016-09-30 14:20:00
700,-25.29,11.9038147305,2016-09-30 16:21:00,2016-09-30 14:20:00
701,-25.32,12.8772282483,2016-09-30 16:21:00,2016-09-30 14:20:00
702,-25.39,13.9807934766,2016-09-30 16:21:00,2016-09-30 14:20:00
703,-25.39,15.2547660372,2016-09-30 16:21:00,2016-09-30 14:20:00
704,-25.39,16.7615557627,2016-09-30 16:21:00,2016-09-30 14:20:00
705,-25.51,18.6057173439,2016-09-30 16:21:00,2016-09-30 14:20:00
706,-25.6,20.9832551327,2016-09-30 16:21:00,2016-09-30 14:20:00
707,-26.88,24.3342064394,2016-09-30 16:21:00,2016-09-30 14:20:00
708,-26.88,30.0626955349,2016-09-30 16:21:00,2016-09-30 14:20:00
709,-27.32,,2016-09-30 16:21:00,2016-09-30 14:20:00
